ID1,ID2,Latitude,Longitude,Elevation,Tmax01,Tmax02,Tmax03,Tmax04,Tmax05,Tmax06,Tmax07,Tmax08,Tmax09,Tmax10,Tmax11,Tmax12,Tmin01,Tmin02,Tmin03,Tmin04,Tmin05,Tmin06,Tmin07,Tmin08,Tmin09,Tmin10,Tmin11,Tmin12,Tave01,Tave02,Tave03,Tave04,Tave05,Tave06,Tave07,Tave08,Tave09,Tave10,Tave11,Tave12,PPT01,PPT02,PPT03,PPT04,PPT05,PPT06,PPT07,PPT08,PPT09,PPT10,PPT11,PPT12,Rad01,Rad02,Rad03,Rad04,Rad05,Rad06,Rad07,Rad08,Rad09,Rad10,Rad11,Rad12,DD_0_01,DD_0_02,DD_0_03,DD_0_04,DD_0_05,DD_0_06,DD_0_07,DD_0_08,DD_0_09,DD_0_10,DD_0_11,DD_0_12,DD5_01,DD5_02,DD5_03,DD5_04,DD5_05,DD5_06,DD5_07,DD5_08,DD5_09,DD5_10,DD5_11,DD5_12,DD_18_01,DD_18_02,DD_18_03,DD_18_04,DD_18_05,DD_18_06,DD_18_07,DD_18_08,DD_18_09,DD_18_10,DD_18_11,DD_18_12,DD18_01,DD18_02,DD18_03,DD18_04,DD18_05,DD18_06,DD18_07,DD18_08,DD18_09,DD18_10,DD18_11,DD18_12,NFFD01,NFFD02,NFFD03,NFFD04,NFFD05,NFFD06,NFFD07,NFFD08,NFFD09,NFFD10,NFFD11,NFFD12,PAS01,PAS02,PAS03,PAS04,PAS05,PAS06,PAS07,PAS08,PAS09,PAS10,PAS11,PAS12,Eref01,Eref02,Eref03,Eref04,Eref05,Eref06,Eref07,Eref08,Eref09,Eref10,Eref11,Eref12,CMD01,CMD02,CMD03,CMD04,CMD05,CMD06,CMD07,CMD08,CMD09,CMD10,CMD11,CMD12,RH01,RH02,RH03,RH04,RH05,RH06,RH07,RH08,RH09,RH10,RH11,RH12
1,ROCK,43.37876,-122.952072,326,5.7,9.6,13.6,17.2,22,25.1,31.2,28.6,23.6,17.3,11.2,4.4,-1.3,0.6,1.5,3.5,6.4,9.3,11.4,11.9,11.1,3.4,1.6,-4,2.2,5.1,7.5,10.3,14.2,17.2,21.3,20.2,17.4,10.3,6.4,0.2,107,62,61,111,86,32,1,23,170,26,108,48,0,0,0,0,0,0,0,0,0,0,0,0,40,17,8,2,0,0,0,0,0,1,8,62,16,39,90,163,288,365,504,472,371,175,67,8,493,357,326,232,133,58,8,16,60,238,349,550,0,0,2,5,16,34,110,86,41,4,1,0,12,15,19,24,29,30,31,31,30,24,19,6,12,2,1,1,0,0,0,0,0,0,7,13,18,30,60,90,131,148,185,146,90,56,27,17,0,0,0,0,45,116,184,123,0,31,0,0,75,69,61,57,53,54,46,53,62,57,68,79
2,HINK,43.433601,-123.088577,327,5.8,9.7,13.6,17.4,21.6,24.9,30.6,28.2,23.6,17.3,11.3,4.6,-1.1,1,1.7,3.7,6.5,9.1,10.9,11.6,11.3,3.9,2.1,-3.7,2.4,5.4,7.6,10.6,14.1,17,20.8,19.9,17.4,10.6,6.7,0.4,95,59,54,101,81,29,1,21,142,21,88,44,0,0,0,0,0,0,0,0,0,0,0,0,39,16,8,1,0,0,0,0,0,1,7,59,17,43,91,170,284,358,489,462,373,182,72,8,487,349,324,226,137,62,10,18,59,230,340,542,0,0,2,6,16,31,97,78,41,4,1,0,12,16,20,25,29,30,31,31,30,25,20,6,10,2,1,1,0,0,0,0,0,0,5,10,18,30,59,90,129,147,183,145,89,56,27,17,0,0,6,0,48,118,181,124,0,35,0,0,75,71,61,57,54,54,46,52,63,58,69,80
3,COAST,43.6517,-123.087967,260,5.7,9.9,13.5,16.3,20.4,23.5,29.5,27.3,22.8,16.6,11.4,4.8,-1.3,1,1.5,3.7,6.4,9.1,10.7,11.6,11.3,3.9,1.9,-3.8,2.2,5.4,7.5,10,13.4,16.3,20.1,19.5,17.1,10.2,6.7,0.5,95,62,55,107,93,30,1,25,143,22,82,44,0,0,0,0,0,0,0,0,0,0,0,0,40,16,8,2,0,0,0,0,0,1,7,58,16,43,88,153,265,339,469,449,362,172,72,9,492,348,328,242,154,75,14,22,65,241,341,540,0,0,2,5,13,24,81,68,37,3,1,0,12,16,19,25,29,30,31,31,30,25,20,6,11,2,1,1,0,0,0,0,0,0,5,9,18,30,59,85,121,137,175,138,85,53,27,17,0,0,4,0,28,107,174,113,0,31,0,0,75,70,61,60,57,57,48,55,65,60,69,79
4,MOSBY,43.721298,-122.976311,243,5.7,9.8,13.4,16,20.1,23.1,29.3,27,22.3,16.2,11.5,4.9,-1.1,1.1,1.6,3.7,6.5,9,10.7,11.5,11.3,4,2,-3.7,2.3,5.4,7.5,9.9,13.3,16.1,20,19.2,16.8,10.1,6.7,0.6,87,52,52,99,94,33,1,23,144,22,81,39,0,0,0,0,0,0,0,0,0,0,0,0,39,16,8,2,0,0,0,0,0,1,7,57,16,43,88,150,261,331,464,441,355,168,73,9,489,348,328,245,159,80,15,24,69,246,339,537,0,0,2,4,12,21,77,63,34,3,1,0,12,16,20,25,29,30,31,31,30,25,20,6,9,2,1,1,0,0,0,0,0,0,4,8,18,30,59,83,119,135,173,137,82,52,27,17,0,0,6,0,25,102,172,114,0,30,0,0,76,71,62,61,58,58,48,55,66,61,68,79
5,CALAPOOIA,44.359642,-122.842903,146,5.4,10,13.6,16.7,20.8,24,30,28.1,23.1,16.7,11.3,5.1,-0.6,1.9,2.2,4.3,7,9.4,10.6,11.7,11.9,4.2,2.5,-3.1,2.4,6,7.9,10.5,13.9,16.7,20.3,19.9,17.5,10.4,6.9,1,98,52,51,86,114,40,1,22,143,29,88,43,0,0,0,0,0,0,0,0,0,0,0,0,38,13,7,1,0,0,0,0,0,1,7,51,17,52,98,167,280,350,474,462,375,177,77,10,486,333,316,229,141,67,13,18,57,235,334,524,0,1,2,5,15,28,85,78,42,4,1,0,13,19,21,26,30,30,31,31,30,26,21,7,10,1,0,1,0,0,0,0,0,0,4,6,16,29,57,84,121,139,178,142,83,52,25,16,0,0,6,0,7,99,177,120,0,23,0,0,79,73,63,61,58,57,46,53,66,61,70,81
6,WILEY,44.412022,-122.675446,176,5.2,10,13.5,16.6,20.8,23.9,29.9,28.1,23.1,16.7,11.3,5,-0.7,1.5,2,4.1,6.9,9.1,10.4,11.3,11.4,3.7,2.2,-3.2,2.3,5.8,7.7,10.3,13.9,16.5,20.2,19.7,17.2,10.2,6.8,0.9,95,47,51,88,138,47,1,23,157,30,93,42,0,0,0,0,0,0,0,0,0,0,0,0,40,14,8,2,0,0,0,0,0,1,7,52,16,49,94,163,278,344,470,456,367,172,74,10,491,339,320,232,142,71,14,20,62,241,338,527,0,1,2,5,15,26,82,74,39,3,1,0,13,18,21,25,30,30,31,31,30,25,21,7,10,1,1,1,0,0,0,0,0,0,4,6,16,29,57,84,121,139,177,143,84,52,25,16,0,0,6,0,0,92,176,119,0,22,0,0,79,72,63,60,58,56,46,52,65,59,70,81
7,THOMAS,44.711785,-122.61087,229,4.6,9.2,12.1,15.5,19.9,22.8,28.9,27.1,22.2,15.9,10.7,4.7,-0.6,1.7,1.9,4.1,7.3,9.4,11.4,12.3,12.5,4.1,2.6,-2.7,2,5.5,7,9.8,13.6,16.1,20.2,19.7,17.3,10,6.6,1,131,63,69,120,184,65,2,27,225,42,118,56,0,0,0,0,0,0,0,0,0,0,0,0,43,15,9,2,0,0,0,0,0,1,8,51,14,44,78,148,269,333,470,456,370,165,71,10,500,347,342,248,151,79,14,20,60,249,342,524,0,0,1,4,13,22,82,74,40,3,1,0,13,18,21,25,30,30,31,31,30,26,21,8,16,2,1,1,1,0,0,0,0,0,6,9,14,27,52,78,114,131,167,133,77,49,23,15,0,0,0,0,0,66,166,106,0,7,0,0,81,75,66,64,61,60,51,57,70,62,73,83
8,HUNTER,44.922787,-123.327316,101,5.7,10,13,16.3,20.9,24.2,29.2,28.1,24,17.5,11.7,5.5,-0.4,2.1,2.4,4.5,7.2,9.6,11.1,11.8,11.8,3.9,2.5,-2.2,2.7,6,7.7,10.4,14.1,16.9,20.1,19.9,17.9,10.7,7.1,1.6,145,92,62,88,100,29,1,17,115,27,96,78,0,0,0,0,0,0,0,0,0,0,0,0,36,13,8,1,0,0,0,0,0,1,6,44,19,53,93,165,284,356,469,463,386,185,81,13,478,331,321,230,137,63,14,18,52,226,327,504,0,1,2,5,16,30,81,79,48,4,1,0,14,19,22,26,30,30,31,31,30,25,21,9,14,2,1,1,0,0,0,0,0,0,5,8,16,28,54,82,120,140,170,140,87,53,25,16,0,0,0,0,21,111,169,124,0,27,0,0,78,73,65,62,58,57,49,53,63,58,69,81
9,LOOK,43.144088,-123.475052,176,7.2,10.8,14.5,17.9,22.3,25.7,30.6,29.5,25.4,18,12.5,6,-1,0.7,1.9,3.9,6.7,9.6,11,11.6,10.5,3.3,2.2,-3.1,3.1,5.8,8.2,10.9,14.5,17.6,20.8,20.5,17.9,10.7,7.4,1.5,86,54,40,70,43,16,1,13,92,12,62,39,0,0,0,0,0,0,0,0,0,0,0,0,32,14,7,1,0,0,0,0,0,1,6,46,22,49,106,178,297,379,489,481,388,183,86,12,465,338,307,219,125,50,10,14,51,228,320,510,1,1,2,6,18,40,98,93,48,4,1,0,12,15,21,25,29,30,31,31,30,24,20,7,7,1,0,0,0,0,0,0,0,0,3,7,21,33,63,93,132,152,183,153,100,59,29,19,0,0,23,22,90,136,182,140,8,47,0,0,71,66,60,57,54,53,46,50,56,54,66,77
