"","Sol.traitFec","Sol.traitzi_Fec","Sol.at.level.trait..1..RegionC","Sol.at.level.trait..1..RegionN","Sol.at.level.trait..1..Year1112","Sol.at.level.trait..1..Year1213","Sol.at.level.trait..1..z","Sol.at.level.trait..1..Year1112.z","Sol.at.level.trait..1..Year1213.z"
"1","-4.25951413947878","-4.3270866775885","-0.461259916967569","-0.976510996006719","0.399621623630056","0.316636639698589","1.19282886031349","-0.206857101590949","-0.0350142439565634"
"2","-3.55497815032604","-3.86146763172109","-0.318453990422121","-1.23854885786638","-0.26901442960499","0.172119890585401","1.07340576492192","-0.0602438015462329","-0.0367217776748246"
"3","-3.16140491206741","-5.19141536579823","-0.660392517992945","-0.656123178092984","0.791907464804823","-0.0404130701076511","1.03287888440093","-0.276986490120681","-0.00547434093198692"
"4","-3.08107865207454","-4.06738934595811","-0.67119353614151","-0.927942911179826","-0.352278974503625","0.191730143817527","1.0190373672168","-0.0487710264248144","-0.0700725214179396"
"5","-3.2417906691826","-4.28450480173742","-0.467284493256685","-0.956438079307631","-0.273000163681467","-0.769037650641472","1.0199793977762","-0.0689018674678503","0.162501493519544"
"6","-3.35749070909467","-4.34408953801475","-0.543697385235178","-0.719725770505548","-0.202297396979642","-0.0329698950299681","1.00548699817895","-0.0496130657526007","0.0267346338799082"
"7","-3.44222632994822","-3.59113941205785","-0.889299111748397","-0.217967667707315","-0.0105628511205492","-0.260754431967564","1.09503093146295","-0.0737682320198166","0.0594073637669703"
"8","-3.77234243264157","-3.94907851058147","-0.52391757524156","-0.492803954304045","0.291361895819077","0.247712377263138","1.12618120532516","-0.142383844383868","-0.0502451540132925"
"9","-3.07328774444292","-5.33198383382283","-0.753549720140251","-0.872931504618832","-0.196635147381679","-0.590624171413658","1.08248329871684","-0.11092203268184","0.0144568983967136"
"10","-3.04129928106324","-4.81997243558743","-0.751513621435543","-1.10070710465322","-0.246476714490122","0.0135429854600731","1.04189108066599","-0.151300472247453","-0.0845194205095372"
"11","-3.06102793572616","-4.41056222362973","-0.624642557064895","-0.977806849869718","-0.121848806521283","-0.630393552802868","1.09854469880553","-0.111698448294728","0.00251340622551839"
"12","-2.67187272035084","-4.77897807590713","-1.24124557088784","-1.17586397967124","0.271368998827249","-0.0366646242131302","1.04199241742411","-0.218409516618881","-0.0122002747137156"
"13","-3.44854590154239","-3.29608300802968","-0.396129909289117","-1.00495802188696","1.4193321313112","0.560923883269412","1.04692490661999","-0.400733313885829","-0.106633361665903"
"14","-4.25136901768457","-3.71960615698463","-0.266664623975574","-0.185718531753566","0.430647028282641","0.0801221444114076","1.13156695359818","-0.143436719881942","-0.00378568205062855"
"15","-2.93974919413493","-4.65730526143288","-0.641633988946479","-0.915182335991259","0.245523609370702","0.0187601198477161","0.978921828504901","-0.11702548154453","-0.016255619326226"
"16","-2.86778146113108","-3.95555289473122","-0.496817664047451","-0.478489411473531","-0.238882718498561","-0.724490699601974","0.946626354932358","-0.0289389695830022","0.104956006251359"
"17","-2.71682115593649","-4.65896976797579","-0.925500852738369","-1.35780024444213","0.173728027702904","0.182831104363346","1.02587820391356","-0.178793440713484","-0.0490374373141586"
"18","-2.54201950513223","-4.34947964053219","-0.681998616593752","-1.33020435499329","-0.130826891403241","-0.654949433908304","1.01487864615899","-0.124388136874536","0.0751325209808015"
"19","-2.53431040218709","-4.00107133572487","-0.674438087662911","-0.799480519807171","-0.2572293134855","-0.617384321717913","0.949709709185016","-0.0655166455267496","0.0829217709775615"
"20","-3.19944377796092","-4.36650502003244","-0.660670943227589","-0.902450147333932","-0.468371503722605","0.38329828705277","1.05347486794239","-0.035410859039863","-0.096184228284822"
"21","-3.24121602924939","-4.01435052402971","-0.502246299735568","-1.42184757939621","0.0357410108392999","0.446004784437765","1.07905237327015","-0.185693186349674","-0.150845026842051"
"22","-3.22074123026021","-3.22790117934648","-0.95888615588772","-0.922679669807147","-0.313084906324767","0.146684466549655","1.11846310178145","-0.0198911356225187","-0.0255542609371413"
"23","-3.1399394550401","-3.68948036159198","-0.491346833354567","-0.91831057335059","0.168805540057888","-0.0759070786296509","1.01134781672632","-0.110962161425385","0.0156404194165022"
"24","-2.78951818871905","-4.17799131903126","-0.844665601994416","-0.839453958543687","-0.20953972903693","-0.725694362495794","1.07378693067243","-0.131917965536834","0.0250321263472458"
"25","-3.72150018684832","-3.98138324168168","-0.68392736761138","-1.02906619531525","0.055088778743937","0.26208846988056","1.17884669002052","-0.183727788762462","-0.0564859877619459"
"26","-2.99058332008195","-3.56941083049693","-0.742399761736391","-1.73750673742472","-0.813093830795282","0.0253970620968244","1.07805185847465","-0.0162808662377603","-0.0478587502191404"
"27","-3.2956949395308","-4.41908833056233","-0.470769437164356","-0.729986809113319","0.375665288705327","-0.0274512391178361","1.01730794833133","-0.124985371854017","0.0212950647232793"
"28","-2.54718116709546","-5.67271544042343","-0.538409897237982","-0.488153325353287","-0.278251798049096","-0.850885429225446","0.954819602418306","-0.0754780310218465","0.113623133469621"
"29","-2.8667230879476","-4.80199549310101","-0.671388063302695","-0.669728959807224","-0.130177888447392","-0.51962075326305","0.997292872571084","-0.0729936547354889","0.064499195788122"
"30","-2.87346683729702","-5.2542719929897","-0.895481021188698","-1.18557860924194","0.15321769935462","-0.412433411424241","1.07834896285991","-0.200793109361447","-0.0203823916189449"
"31","-3.02533114778953","-3.6397576255129","-0.138056104607774","0.530265842429012","-0.732913684883857","-0.75171956991113","0.907939392017546","-0.00313535711777246","0.155210591075707"
"32","-3.51633772529321","-4.80641754031306","-0.4624084972775","-0.483356699099903","-0.108624929051206","0.0471987996563008","1.06287260277285","-0.0761253517455233","0.00382957431274237"
"33","-3.69595065218213","-4.59507240043841","-0.388256886259743","-0.867684053110838","-0.00389881627707427","0.19087215255385","1.09171681599763","-0.108474686146433","-0.0223283683389113"
"34","-3.22505416187506","-4.6320305472389","-0.931553385488969","-1.34379119473213","0.782146615738068","0.134013189997697","1.07839447117472","-0.286440656921655","0.0134780931139567"
"35","-3.4342267416856","-3.67450167373095","-0.454401314505401","-0.809224046678274","0.0805307121220269","0.262013237385091","1.12736719736671","-0.169489798211198","-0.103401163630143"
"36","-3.50076384197552","-3.80466636369466","-0.459758747813017","-1.13878359872028","-0.410455390987841","0.284142107846112","1.09152704705946","-0.0166153940469013","-0.0520867017996301"
"37","-2.99363723808107","-5.04321289544689","-0.878191879530765","-1.5796266055276","0.0388926574743929","-0.431733642757857","1.10099836216469","-0.189550922772837","-0.00309619605521758"
"38","-3.25161241049895","-4.49284963228476","-1.034501788527","-0.943626622148994","0.0509854979943996","0.119436069526745","1.04747355274525","-0.0847488446668173","-0.0200366216043566"
"39","-3.89366715090942","-3.6122241669117","-0.130811748934564","0.146714865660611","0.475849120082601","0.241308303442816","1.12736153154981","-0.213581274512436","-0.0647034527152218"
"40","-3.28172395391211","-3.91347563970205","-0.429378498261719","-0.551152006957459","-0.249173425111184","-0.193520984769167","1.00854624297135","-0.0570500332356087","0.0698787945335767"
"41","-3.01642858577236","-4.43907669971944","-0.431254710476799","-0.697030135759869","0.377422912003753","-0.505559600236973","1.0025206996874","-0.190600437038436","0.0767541934469301"
"42","-3.51001757459591","-3.9104790083885","-0.269308620017025","-0.704173041904502","0.486969636982965","0.0336648072923653","1.046620961641","-0.150243376372062","-0.00669693035998527"
"43","-2.92107062260278","-5.17381940632484","-0.995329799556906","-1.28582759037656","-0.0178026550374501","-0.172319039515813","1.04601001640737","-0.189917357862846","0.00956444089109601"
"44","-3.38082307093047","-3.65124111721171","-0.148809467154949","-0.549291061099141","-0.294639912711531","-0.699503312652791","1.03898704722403","-0.0584851403528869","0.0869062727098397"
"45","-2.99754421181193","-4.66487359342828","-1.06816761168388","-1.03935711460482","-0.470237802030996","-0.0476220078410255","1.05341992051094","-0.0630950868754277","-0.000217993089143732"
"46","-2.81411877396881","-4.5471311540627","-0.844149539886478","-0.762716958767321","-0.605663340809869","-0.966408493184935","1.029949864679","0.0111195897023009","0.168759519428963"
"47","-4.03954188840408","-3.61687906869031","-0.743218008632579","-0.54858418335781","0.0466325173789239","0.88930341692198","1.14609450274472","-0.0979948509693808","-0.101410178492097"
"48","-3.24836215617597","-4.09904438325592","-0.409103146403008","-0.983977189077079","-0.410183775651029","-0.387466817920416","1.07355399227916","-0.0816217845315589","0.0155679908229034"
"49","-3.60397755093881","-3.73953224819353","-0.505172473719862","-1.32678495392869","0.275675226748081","0.301455767387516","1.10575811386914","-0.223759020383506","-0.0713622731570363"
"50","-4.389957656113","-4.50964305680552","-0.00389068123629835","-0.407876697296546","0.496393602415732","0.508787586239598","1.11361558186205","-0.188825754297926","-0.0276805489682222"
"51","-3.06241072323443","-3.72449696812024","-0.499392196372204","-1.28088580883532","-0.268827288232822","-0.677113541560994","1.03962646222387","-0.125998433598461","0.0742170313543009"
"52","-2.9699735895257","-4.21768881939423","-0.421321085520125","-1.19344281313847","-0.294341808045289","-0.00362612634080989","0.997854129879231","-0.0496423435833469","-0.0360764483627752"
"53","-2.81942885939871","-5.57043433370972","-0.959318704364083","-1.25693962248413","0.336729139862492","-0.721534671329472","1.0626565671356","-0.220240725545232","0.0750124377525426"
"54","-3.05436771369201","-3.89985886543961","-0.597475188107174","-0.90196660830767","0.078322267440458","-0.130890083769682","1.03786796122833","-0.150050279837909","-0.0264561205347482"
"55","-2.63354607304037","-4.90237366295944","-0.744633082740924","-0.614333930318796","-0.24109229210121","-0.423410944438577","1.00589137644769","-0.0570371747554278","0.020782764202944"
"56","-3.53300586358607","-3.9830990075756","-0.889949745744396","-0.741607058996186","0.819970163536812","0.773072624192932","1.10398641476501","-0.236394070030961","-0.14234339897698"
"57","-3.30130415844372","-4.24773133503919","-0.587342945472552","-1.34015813134817","-0.49838396381303","0.574602668066387","1.09895189059815","-0.0601181405769862","-0.191558538375431"
"58","-2.89010681927135","-3.64393033230265","-0.859914313403189","-1.45588382270759","-0.329615475426777","-0.0915936409141817","1.02385898092816","-0.0153474568620962","0.0349869318753053"
"59","-3.93366988137843","-3.8111697571757","-0.541628323642679","-0.856541393729961","1.03252971265983","1.05467453692318","1.12475635648703","-0.328485074554253","-0.17195058097049"
"60","-3.10115686567854","-3.87889716324653","-0.503131451572514","-0.463078010450887","-0.518772508104254","-0.152832263756019","1.0155347059823","-0.0458339756258429","-0.000653911354996225"
"61","-3.34996555307135","-4.32206410804372","-0.354194985691308","-1.09917656060616","-0.126493867700003","0.0259481901790988","1.03668950499132","-0.0704087821779542","-0.0144637166262979"
"62","-3.41992766975847","-3.52277173987633","-0.754282472214986","-0.90263415995478","0.0536405916098204","0.923575292864586","1.06383717300487","-0.104268928418912","-0.167291071945068"
"63","-3.51779147112006","-4.01533411499142","-0.356461287976493","-0.803807927199798","0.22287905207662","0.0705885304361681","1.09264521017319","-0.177515740825761","-0.039050368407585"
"64","-2.82333721507606","-4.50602679821323","-0.701603618217165","-1.9972933934015","-0.415106659269088","-0.449592478648792","0.988257705367392","-0.0391475186572541","0.051915035911955"
"65","-4.0953520426448","-3.82332357291166","-0.262225383617334","-0.635932958566681","0.833768954791096","0.152655564604141","1.09117750753481","-0.18147230666757","0.0127561282377332"
"66","-2.50124214192686","-4.09190775642933","-0.73162884227224","-0.926473385714833","-0.117958775100984","-1.24831093385937","0.933406655588402","-0.138728801486932","0.225105576580227"
"67","-3.32384731747591","-4.24115323220855","-0.611661614771844","-0.273192336576645","0.249908102302341","0.409696867808326","1.05273116187041","-0.144699268102965","-0.104867208919728"
"68","-3.17955953201834","-4.29946903393127","-0.680062662558351","-1.15213453126924","-0.370016148716136","-0.0424899304012957","1.06276744149889","-0.0350004126544214","-0.0625455656674457"
"69","-3.08358948948298","-4.02917223422851","-0.534098773757625","-0.408775141723725","-0.0242774362843378","-0.841073196350766","1.05266326197141","-0.128285767127018","0.0842807895619432"
"70","-3.2930143593683","-4.36323119641821","-0.477334986158054","-0.968664351120056","-0.0345231030300909","-0.0766329649113056","1.05605348940844","-0.150684917808304","0.0321826532899738"
"71","-2.75435258066886","-4.55482506337602","-0.824678800708837","-1.30354735405671","-0.487231295771116","-0.274738110231433","1.00218438026908","-0.0361176860717445","0.0419357717966891"
"72","-3.16141334404419","-5.07813842607081","-0.546722663204004","-1.12162083290974","-0.745906914666896","0.102972021107615","1.06494604994768","-0.0151627201893816","-0.0190217453808089"
"73","-3.28349621113571","-3.37042261898681","-0.963494069086233","-1.28554586394872","0.214872559909793","0.01879763489096","1.08678085591106","-0.150416009776007","0.0297271454872424"
"74","-2.9581867581517","-4.24197719755272","-0.938746816308746","-0.916738130823281","0.530900307912915","-0.0498603102659388","1.03120210776952","-0.205710364576725","0.0331011127612119"
"75","-3.54806135267304","-4.42743550874262","-0.938417820870994","-1.13112334352634","0.826277511670382","0.602244563328477","1.1171810845376","-0.313426443170999","-0.0280773890135134"
"76","-3.55475683525168","-4.06705680525318","-0.335753091691724","-1.0154617126225","-0.77330553981211","0.658494275161194","1.03832761284239","0.0548808980503816","-0.108158780269553"
"77","-3.57045575651754","-3.86812815807222","-0.483379185355582","-0.34653482476988","0.0399646400876723","-0.268289099521877","1.09456958435445","-0.146068831347477","0.0524219215836119"
"78","-3.09401889140961","-3.9399275127771","-0.693837535567578","-1.15547671583401","-0.427279543921384","-0.257480237426457","1.07089901554317","-0.0274808006843506","0.0261173649252027"
"79","-3.0978788060762","-4.51152256339645","-0.113274688246758","-0.588646524537236","-0.0582789239003712","-0.736045899364264","0.96130179517169","-0.110966061828989","0.151663580661654"
"80","-2.91823760543358","-4.64435079402492","-0.188907013799066","-0.610286897546828","-0.674512385928586","-0.604749105147185","0.972545984402237","0.00811384833583456","0.0865935621902208"
"81","-3.35603652616958","-4.57787911216228","-0.669012177001378","-0.878531914436621","-0.246633220524735","0.0106841522974309","1.06422758226929","-0.0508949993094197","-0.0189654964516297"
"82","-3.26452693892852","-4.58724821904674","-0.744916719804384","-0.319368881369198","0.240209345799465","0.765140317504701","1.1277808868899","-0.202456968304442","-0.252755286365957"
"83","-3.06540767472687","-4.39634698620408","-0.56302836593342","-0.727915577367887","0.0123053492700276","0.241026653837001","1.02806720516977","-0.154321161031918","-0.112836337767753"
"84","-4.32440370643214","-3.77400734880185","-0.012029289626598","-0.756619583006464","1.04764774640871","0.538381126282238","1.14186979441693","-0.238154971123564","-0.0948285315027614"
"85","-2.88012653929725","-4.78316931839546","-0.828765380438019","-0.904992633781914","0.629913605526459","-0.17419535342195","0.95520919237121","-0.209801625146367","0.0537597336837629"
"86","-2.82853357865423","-4.11742038241234","-0.926132865134049","-1.56854559272595","-0.414530184346542","-0.27152056372542","1.04264859710328","-0.0843131681633467","0.0313044262365775"
"87","-3.36458092207536","-3.90306432930534","-0.687238032916519","-0.978492989019252","-0.63716031146191","-0.145099379065743","1.0770538872658","0.0108373504139976","-0.000983156334381903"
"88","-3.50698895930998","-3.90042240576594","-0.655267581503869","-0.858580034583148","0.158460005434384","-0.0272538159283959","1.07844947564998","-0.127033123851511","-0.000276316788243312"
"89","-2.55879328289293","-4.89250810448473","-0.869636473181984","-1.11004625269167","0.741378942156837","-0.196310713809592","0.944347873482249","-0.314180355708018","0.04565072848448"
"90","-3.13961699843607","-3.81548548433716","-0.93378232258528","-1.03665004681174","-0.687195862745864","0.201734020417925","1.0273739908471","0.00469877349691748","0.0107548461177084"
"91","-2.6657100314434","-5.02216651059003","-0.748827656496777","-0.713784064511797","-0.187968346103351","-0.0538051230484954","0.971758518815495","-0.0771469418126347","-0.00732814736518992"
"92","-2.71262295996966","-4.83296481668958","-0.706855507462756","-0.937800075858572","-0.288098033235848","-1.24136434283247","1.02704007751514","-0.0393937379934836","0.149963212277185"
"93","-3.33457703405082","-4.08494000202371","-0.632022538996333","-0.717335619922609","0.324735787946645","-0.000735373819840078","1.06838845535584","-0.174458115311196","-0.0404634104420071"
"94","-3.83336916222071","-3.28498465070496","-0.186984074789391","-0.501404992657899","-0.147832013260277","-0.117963240221129","1.14066702367067","-0.11846270275562","0.0100589340626822"
"95","-3.33274538932252","-3.73307208944637","-0.566418786675763","-0.917868016232802","-0.578715789110751","0.0521505230617166","1.04076715356301","0.0233679349198503","0.0182118385368693"
"96","-2.95105058198239","-4.16154316785108","-0.721437269479528","-1.58210144419418","-0.234213712735334","-0.517167692410595","1.07490760081006","-0.114879521905255","0.0591193442647212"
"97","-2.95785574125681","-3.53905401689109","-0.304903508327684","-0.698596396497628","-0.23020696503025","-0.442472842706857","0.971989842410034","-0.0536074600234406","0.0578856864488916"
"98","-3.52443769415646","-3.73244857157059","-1.1309114941002","-0.888000022318483","0.914864055844144","0.841692717651134","1.12884167641803","-0.239419643621675","-0.139745166138906"
"99","-3.30172993505599","-3.79816333161985","-1.04864959291289","-1.23160739578469","0.722738758151335","0.725716775401467","1.0854210906822","-0.245083076714966","-0.0835489037648079"
"100","-2.8323215484788","-4.63592415891102","-0.2951763523018","0.0347745695831144","-0.531097241443743","-0.976867489870164","0.936858391260257","-0.0158793585468026","0.172181836664654"
"101","-2.95452802692987","-4.73448872386087","-0.511106444720632","-0.840078722264109","0.15188442892556","0.00145877433485943","1.01190132469879","-0.183688824834518","-0.0284985948176965"
"102","-2.99868434673859","-4.24431313997207","-0.466222251559256","-1.16868934012481","0.699626830771948","-0.41223612469354","0.991898172158111","-0.293650602548602","0.0620835996770741"
"103","-3.32014578122858","-3.40885869284372","-0.643873839008405","-1.44769339168162","0.28313564422836","0.47195020846203","1.1044214003653","-0.193332121488588","-0.122600917431444"
"104","-4.55556998085893","-3.25197544854793","-0.432649994232134","-0.921349769159911","0.412608497141515","0.613439981005217","1.23340007533123","-0.127944925452156","-0.0901721948435427"
"105","-3.50907509215285","-3.92601263653048","-0.325565890945908","-0.315423071658487","0.525011849796615","0.368566165778903","1.02460119723839","-0.178772269336821","-0.0661779865992451"
"106","-4.5738095752879","-3.6501573982735","-0.300112814454988","-0.303612252042536","1.34420928378209","0.675907228755947","1.26115308006493","-0.264637820153721","-0.10870948883241"
"107","-2.78201575481742","-5.1672370219203","-0.729855557675464","-0.96715069147728","-0.0611925770421422","-0.40623629961049","1.02816017249939","-0.134658962690207","0.0428820203817461"
"108","-3.07777695047695","-3.88141681957143","-0.668067944528729","-0.860654173710671","0.141911680341358","-0.0671887611886781","1.05588335468217","-0.193615366610626","-0.0201978699809854"
"109","-3.17142016402518","-5.02218364254881","-0.325183810083236","-0.510812848829798","0.331768283398186","-0.3679941750079","1.00494431030761","-0.175281735577304","0.059984382814988"
"110","-3.54434114530225","-4.10613356795697","-0.670832291600707","-0.886275702650718","0.252801277235628","-0.582081706329501","1.16591339582643","-0.1784672010849","0.0141323959500219"
"111","-2.94971199704204","-4.64650538736138","-0.763018947478884","-0.716625834817186","0.0282766816072498","-0.400282514115305","1.04442662501955","-0.155347590505718","0.0276732340871367"
"112","-2.68314434044814","-4.25563822663711","-1.08600240084364","-1.06735566387969","-0.2154257789529","0.0130780786468209","0.9963172238777","-0.107790124833193","-0.0301831946851905"
"113","-2.68512301216579","-4.50609006470039","-0.624064161509688","-0.91069849487515","0.164894859757671","-0.497245181824191","0.975627539370248","-0.192466979991728","0.0381720088945503"
"114","-3.1263704855679","-4.32557282561911","-0.860095861197249","-0.906723475680987","0.542564490030565","-0.380776415461011","1.06268614225984","-0.233319544104386","0.0243439451058561"
"115","-3.16007945938131","-4.10585938774317","-0.584335391194907","-0.741656423950399","-0.678529566217105","-0.522372369726612","1.05436295269183","0.0266128354172758","0.0872722259118428"
"116","-3.46270740806924","-3.77860598739185","-0.27311511738727","-0.539557082528232","-0.30214776079922","-0.106607840516762","1.04642664696694","-0.0310652551014912","0.0342867286487144"
"117","-3.43208514743426","-3.82125880298839","-0.68387646905302","-1.0737573387892","-0.0806896193491224","0.71643233088184","1.08014193174835","-0.114988257327531","-0.114326228977612"
"118","-3.74906037168131","-3.59671010443547","-0.489648100657949","-1.26143910588018","0.200655482183578","0.645819186368743","1.11184910349169","-0.152246244183836","-0.0824081661729675"
"119","-3.04823592095488","-4.33280141724448","-0.707860622982541","-1.53907787134537","0.0239180721355625","0.12542424015995","0.992345488756722","-0.134178183828308","-0.0262359461458292"
"120","-3.88702733299259","-3.62818871211607","-0.568273137614819","-1.26985565069506","-0.164919804120326","0.487030884551673","1.12916658091559","-0.077274793515247","-0.0284373279621274"
"121","-3.43727361583859","-4.03715781145536","-0.500924552816037","-1.38755889553539","-0.0543900925583014","0.0215882803927327","1.06598967786627","-0.0785263419474249","-0.00132622731701093"
"122","-2.99605243834935","-3.90267745644433","-0.371735131911251","-0.769784616159599","-0.348433283350117","-0.439049249572907","0.971485551633715","-0.0559768088234739","0.0390126881918795"
"123","-3.35358662391342","-4.44517711355835","-0.826401011929578","-0.576536317476847","-0.378301931649508","0.278791471681367","1.09185003201679","-0.0556955126003259","-0.0100447133325752"
"124","-4.27579377724707","-3.4342064630124","-0.3400549541935","-0.735426234492498","1.23592694035942","0.577655451645836","1.1813107892547","-0.370281589704754","-0.132007530920621"
"125","-3.72439327731019","-3.5789169138054","-0.238370723148103","-0.471493391412295","0.0323186914931817","-0.0632914921835765","1.02403217934885","-0.0740458554987419","0.0519206337605713"
"126","-3.3472424293499","-4.18684574041664","-0.371370939118856","-0.747046804451104","0.181058445332077","-0.124096367749379","1.05068288097448","-0.164274726983262","0.0149577484296766"
"127","-3.452301258576","-3.37991600919388","-0.542677972405212","-0.909935209882437","-0.0568133733828336","0.021930817067764","1.0770299123687","-0.0759016966447845","0.0117108927080916"
"128","-3.65684343688474","-4.02449421506788","-0.470892477238227","-0.4817401281247","-0.114598679453109","-0.227267786539418","1.09654980257511","-0.0598038961242035","0.0522378348297346"
"129","-2.55859651607498","-4.67943370620108","-0.752563768740424","-0.982244402859839","-0.0324122265531498","-0.66798804759603","1.04275989831327","-0.15827824857692","0.0356341390287159"
"130","-3.31533909363958","-4.78756259781511","-0.895912454785219","-0.982594989870061","0.509967852640321","0.149901863283864","1.12405460015803","-0.257733959885368","-0.086086068546158"
"131","-3.3495526638248","-4.44997145705685","-0.342124439717794","-1.1125826590225","0.354233229836103","0.588517956468973","1.01547653819373","-0.163184092036751","-0.0375173343128562"
"132","-3.11036387428351","-3.92506821501909","-0.636688306979581","-1.47981456108194","-0.531292621521558","-0.228015077091727","1.05185835581932","-0.0165025705036081","0.00286308613129666"
"133","-3.85175311241749","-3.4726942864912","-0.32884091288896","-0.768755570934445","-0.170259759622277","-0.153233732018253","1.10738478789721","-0.0707350836606066","0.0161918021578342"
"134","-2.60221082919523","-4.78867031030043","-0.627252896261274","-0.880071197105347","0.0212084203211671","-0.506414623247662","0.939471319936393","-0.129741852585399","0.0482570008917366"
"135","-3.3352948993858","-4.7431460318002","-0.582658909741644","-1.15675203809507","-0.303363719516118","-0.427151854190498","1.081358773427","-0.0578946823715999","-0.0224493453058375"
"136","-3.13964011855971","-3.29849402467674","-0.849087722694332","-0.638609536209949","-0.47223003062609","0.0746977849765599","1.03369027528435","-0.0366748827322607","-0.0328056591732583"
"137","-2.55865944940612","-4.05441172443112","-0.90547994762015","-1.32016394732562","-0.765397498467263","-0.537960179567012","1.04239181247805","-0.0116672666878872","0.0565269582965727"
"138","-3.18683892485147","-5.26931252519718","-0.782700072965913","-1.15512081288359","0.172510205079957","-0.410009821194949","1.11902748954632","-0.17085451537825","0.0296776629182303"
"139","-2.80190109769083","-4.76546576699794","-0.590476002287011","-0.588533047654738","-0.131134018215511","-0.436395293911502","1.03094180152734","-0.105103484300456","-0.00526484404496063"
"140","-3.21947882800281","-5.09357632728565","-0.668321370438355","-1.10938091014393","0.637392418412525","-0.133725264189429","1.08401664456843","-0.258187101844544","0.0104562326510252"
"141","-3.41862171049732","-4.04539109157606","-0.210378336893819","-0.398501525868586","0.0322939114196692","-0.163738635277746","1.04323762472562","-0.0982095322096659","0.00634160941336475"
"142","-2.92706899896014","-4.20586684356258","-0.975216735923264","-0.796519944510662","0.120547507888532","0.473454241560078","0.985037336384358","-0.112600091285654","-0.0650836728054524"
"143","-3.4845340465729","-3.87128518375265","-0.654556040289646","-1.0785035710648","0.134047562635657","-0.0917866010292875","1.08699714247885","-0.133950713820876","0.00724628174809041"
"144","-2.68222963492732","-4.83697252935518","-1.123828771841","-0.60578307812407","-0.495208162636417","-0.59271538360198","1.03961118937394","-0.0425349204086031","0.117671010043137"
"145","-2.59948099383789","-4.64310485153879","-1.03397616843731","-1.42934289526398","-0.0266506676954406","-0.145513847677089","0.987489149174264","-0.130374209952389","0.0432465641770688"
"146","-4.61858245577469","-3.46914864909547","-0.0948226800603486","-1.19488150090601","0.318741872736899","0.635134958228447","1.24022903985445","-0.155843960074878","-0.104212620309228"
"147","-4.5148146267183","-3.30011650796558","-0.110219986865224","-0.212190453650316","0.519608454762054","0.660394858973767","1.14714203313558","-0.218978752123625","-0.0940392380718864"
"148","-2.89354253762839","-3.53350116513646","-0.974030524171834","-1.25653627708179","-0.936704108962072","-0.563186169152335","1.02869542622797","0.0564591913607313","0.0993647857631819"
"149","-3.2070787683268","-4.29708365192057","-0.335371558066798","-0.684139725742369","-0.74041713830784","-0.464943050482913","1.00675039498924","0.00955956592063782","0.0841491360998325"
"150","-2.82492388635532","-4.46672428471453","-0.986415560308663","-1.19570404774401","-0.195233469792456","0.31176169263171","1.01700005134121","-0.0782508838202419","-0.0757367937182988"
"151","-2.61055875797322","-4.60200559886802","-0.577907568735023","-0.709129585588186","-0.525715872659707","-0.514317838074872","0.937675522948945","-0.00522510379561691","0.0550159468875426"
"152","-2.88729053480608","-4.21076665596736","-0.526455834270608","-1.35511968011119","-0.271125242348552","-0.0535597191619964","0.99874417897056","-0.0592539834658966","0.0103803340763897"
"153","-3.27348625936824","-4.13660811363091","-0.520734220021305","-0.777867362732857","0.102882901325031","0.0232576871578001","1.04615025863194","-0.16539448656677","-0.0104164565812592"
"154","-3.17169151896034","-4.42188056255321","-0.876149364984371","-1.28537859109823","0.762919289622449","0.364755244943308","1.09342679810929","-0.320466078154053","-0.116670181729427"
"155","-3.19519202201509","-4.67869839212822","-0.761367906270483","-0.733975648862854","1.24063921381376","0.208057809608427","1.01944971782367","-0.311184910913172","-0.0832979229868842"
"156","-4.06828998054827","-3.40860365971075","-0.192249460314289","-0.953916842989519","1.67209211943843","1.28684258387176","1.15367528831938","-0.414695303206443","-0.238664384986127"
"157","-3.00619835908742","-4.66963848144278","-0.783068407051191","-1.49524636633479","0.12787117706186","0.163070185428704","1.10679577207503","-0.217552590738695","-0.114310957641863"
"158","-3.36611001483629","-4.54274105006942","-0.924531397110819","-1.15388289528308","-0.166657769955043","-0.0191808580265217","1.12322894404708","-0.110115391000847","-0.031472071537177"
"159","-3.98186193892861","-4.07717464853209","-0.528635335852961","-0.311420960999821","0.542017988729003","0.649632884405329","1.11462702531803","-0.164112331632057","-0.0745922818783145"
"160","-3.13714308767982","-5.61250814705999","-0.832564541649848","-0.576752471242621","0.847959892999168","-0.326315193543311","1.02637099732951","-0.357042854422353","0.0366068141088807"
"161","-3.20807639301526","-4.23574702559533","-0.714608898295671","-1.76877125846833","0.0865016330347791","0.104526385718439","1.07466167403998","-0.180948654769886","-0.0588665048433347"
"162","-3.8671793050151","-3.90385927644767","-0.500489470873408","-0.807664249982275","1.27415326051653","0.223741129208555","1.10893696216937","-0.409434874619352","-0.0276268908080399"
"163","-2.80911045078496","-4.12956886729139","-0.82191981686701","-1.2570099455701","-0.776080095054766","-0.577168312441451","1.04598399369704","0.00216803130271441","0.0598132926503032"
"164","-2.91641679607191","-4.5123707018951","-0.723734117983483","-1.22304760288687","-0.444988676699932","-0.731142222655118","1.0899982316615","-0.0818569512873184","0.0186475682123251"
"165","-3.46146718873361","-3.68021589927826","-0.464110819666529","-1.30632551395989","-0.576997426864022","0.0597192378744829","1.05808739458323","0.0142708187989494","-0.00471298929438557"
"166","-2.74386213080681","-5.07963561827599","-1.63595083139586","-1.5537528450107","-0.339366801154586","0.612563477529413","1.0873008584075","-0.107748411336327","-0.186200848642475"
"167","-3.20367993382231","-3.93390732190864","-0.678736406057089","-0.96789469007688","0.261311183748482","-0.354241097800909","1.05800367969483","-0.167795948665412","0.0410188165883943"
"168","-3.05961476800148","-3.6123704772873","-0.455509171832075","-1.06245653263871","0.266247621599791","-0.683641976188842","1.04294487975596","-0.174569193697418","0.0999888490291195"
"169","-3.33007621449139","-4.34480517419473","-0.485767084337021","-1.10252253240525","-0.45995868670707","-0.164499043086587","1.03469745295576","-0.0550991744770851","0.0185667928981587"
"170","-3.24337057411481","-4.043059057269","-0.545560660733089","-0.983193054489439","-0.391717513061346","-0.336392658783709","1.0577704002072","-0.0255072780274491","0.027318944731801"
"171","-3.61682457145424","-5.49031014711516","-0.480012060317802","-0.559270481349394","0.593775783463116","0.479935185972782","1.09278321905532","-0.243786599767503","-0.0960006933300051"
"172","-2.84513262210403","-4.13987607381384","-0.659590182372741","-0.699385851395348","0.353836315056198","-0.627625516527898","0.979682285042346","-0.186873054658018","0.0994421934737546"
"173","-3.59110569369843","-3.65531305805665","-0.559789829631687","-1.695220993716","-0.138635684359677","-0.0955691619824576","1.0937681211015","-0.0469827553156629","0.0134138038897"
"174","-3.89993980444651","-4.02828754818934","-0.340527236418192","-0.850738148903644","0.447224586656813","0.446320746982951","1.14394543313512","-0.220830737092954","-0.0669026733954246"
"175","-2.83045323313298","-4.83302723731886","-0.351293792056947","-0.696008914721999","-0.248998382153432","-0.782209487956427","0.97721364664379","-0.0614890040847261","0.120504901349294"
"176","-3.12286991287555","-4.5272004005346","-0.648606169120411","-0.112713365521385","0.24940904159166","-0.624294403619853","1.00771367048792","-0.164201510863019","0.118112088418594"
"177","-3.42228436849942","-3.81937206909787","-0.432453386371848","-0.467879228666436","-0.656024493589823","0.106386268569023","1.03316149987588","0.0353369534059256","-0.0182941219799833"
"178","-3.35371446848349","-3.6543013333854","-0.424180158849457","-0.156828478153675","-0.12809071456595","-0.125162342158379","1.03576916087662","-0.0690876888778796","0.00414123339925921"
"179","-2.99585331839996","-4.52498712833773","-0.628760768941833","-1.17555802245063","-0.165250906187579","-0.363681087047249","1.05249929495352","-0.126268921791983","-0.0286094254354582"
"180","-2.86926096807436","-4.94709694281682","-0.661891796173511","-1.064594530372","-0.462120175733287","-0.389490975866866","0.987427269896066","-0.0314137061079606","0.0513685872588418"
"181","-3.04887074814201","-4.38285028428334","-0.716214123530619","-1.82663869509433","-0.547306650057439","0.0145992409280544","1.05762949214513","-0.05500621684561","-0.101170564836548"
"182","-3.7559292135469","-3.70559729216643","-0.661482772000764","-0.789552260375023","-0.310120317812353","-0.126179226986361","1.12866326000845","-0.0353398004517667","0.0065076265380907"
"183","-3.06363218789735","-3.98963209107441","-0.984810227594959","-0.85714894113063","-0.21638762034149","0.332378655548527","1.08069824794055","-0.127817972308801","-0.0671102760850255"
"184","-2.90905437739191","-4.86778041775719","-0.570651146889781","-1.25981701372069","-0.283957507280058","-0.331335829148577","1.02581951934452","-0.0601326030897363","0.0376216059591853"
"185","-3.45414689277809","-4.12403249763341","-0.414667306438109","-0.550205862246911","0.390355484953757","0.329459068604691","0.986752278697645","-0.18459045842634","-0.0133777094740983"
"186","-3.55797958054784","-3.56022703526243","-0.529313481136206","-1.05831289535415","0.0745255935762888","0.610331369674027","1.09601497691285","-0.132494527207817","-0.144664866287507"
"187","-2.97810728756663","-4.27364636599432","-0.369491166128202","-0.595091175205417","-0.272773829221815","-0.686541017740488","1.0297721772042","-0.0919160682335949","0.0471313289372555"
"188","-2.89329247029518","-4.57395637481678","-0.18579052270003","-0.32763581623563","0.937151041725697","-0.245630207820944","0.952311246166077","-0.251890388584184","-0.00191607281678711"
"189","-2.79792486790972","-4.01568706677537","-0.300851971188091","-0.739709912255745","0.0709676694089457","-0.973021735900777","0.966728423764662","-0.135952374613499","0.165329518395831"
"190","-3.77391460989363","-4.57518099853335","-0.432718561292898","-1.35780051505757","0.463854468877424","0.55466697848403","1.06206231161533","-0.16873509700038","-0.0604035913105943"
"191","-2.88957718747068","-3.65390943135154","-0.725927227067871","-1.23340823894139","-0.538730299289732","-0.466115301310247","1.03371176762897","-0.0320887874517975","0.0672314300135883"
"192","-3.02996703240209","-4.93988605647694","-0.651579369742935","-1.17876532531198","-0.687633625613666","-0.0537850323237902","1.0200956650843","0.0138913783792959","-0.00376190988560111"
"193","-2.85813151344477","-4.23515458044059","-0.849350212444255","-1.41450491543382","-0.620735044263007","-0.6116063074752","1.04148604318982","-0.040339399460703","0.0559690618022041"
"194","-3.1354023176317","-4.73530642098686","-0.827463934970611","-1.32898277849068","0.273576338716368","0.535504891749511","1.02964337427818","-0.181279777516732","-0.0935095856378178"
"195","-2.75753547850595","-4.51065677268035","-0.984561904115733","-1.31822312790449","0.775725619806918","0.175504839773882","1.04201886049286","-0.321964303588586","-0.0550962639050999"
"196","-3.39226347538181","-3.92185234900885","-0.534631008287","-0.750103714255164","0.331306014752452","-0.321377431777193","1.11321907331104","-0.19720434135898","-0.0156430917650302"
"197","-3.3609501978554","-4.18631849147975","-0.707198803699681","-1.32098681704326","-0.555799639971225","0.000632221775073475","1.08500455913975","-0.106458116073035","-0.0197971424392223"
"198","-4.38671943101573","-4.09621571394441","-0.0498108913701573","-0.0910785257922151","1.2684032388299","0.762737635459558","1.12667895554535","-0.354565015513034","-0.126339831294877"
"199","-3.51245545391872","-3.30116845659577","-0.57162044457749","-0.957786192396706","-0.234228529156684","0.309756063851676","1.07821165687205","-0.0665507276473208","-0.0326251579359111"
"200","-3.58100539377691","-3.24070233430406","-0.6263952868029","-1.69625317632102","-1.04584564161729","-0.259926884700436","1.1227099905701","0.0748523036597434","0.0352398395082319"
"201","-3.00281541461582","-4.28680021453027","-0.383554546093399","0.167909991230783","-0.634481341089069","-0.454231919425747","0.985913529855012","0.0437826969605668","0.0357281797657669"
"202","-4.17010272708353","-3.67629866277842","0.0379354347042978","-0.351639088602736","0.824632203443282","0.515481980749947","1.10916874902799","-0.2274815349919","-0.0785163008477183"
"203","-3.42290371124774","-3.65515031590363","-0.831951680598954","-0.659785795421565","0.456694189259685","0.716220456177561","1.06278643724705","-0.203011943604722","-0.11167507231544"
"204","-3.01727167614974","-4.02568962766969","-0.538687872735218","-1.43563714961937","-0.926104327561762","-0.656394326477941","1.05261496202113","0.0190904540984128","0.0608106735922463"
"205","-2.78747507304738","-3.8573476725945","-0.839910021332514","-0.760682538154581","0.113360568442963","-0.0125545024710514","1.0200793466285","-0.185291055402039","-0.0316982992061922"
"206","-3.24409582961743","-3.87492605768982","-0.696111262509015","-0.743635495238961","-0.475638498087164","-0.00801073725295475","1.02290252403407","0.00713710918032409","0.0371703144881876"
"207","-3.07126078149592","-4.04129034214942","-0.0911928507194008","-0.641293069700312","0.276847523701755","-0.05432338672316","0.931251698839888","-0.192819561911427","0.0178706674279175"
"208","-3.56518519809144","-4.11190637576472","-0.626275487316987","-0.146964174167115","0.671041037219207","0.329278342523855","1.04447455885657","-0.190965255247104","0.0119299210154616"
"209","-2.96790223752572","-4.49119777290078","-0.701717234428254","-1.19205376435259","-0.659999055867602","-0.309052109184858","1.02383974291947","0.00927890018759217","-0.014166044957944"
"210","-4.42217827317378","-4.28435953341781","-0.511982320085941","-1.20584628317086","1.93007839718269","1.42896300339613","1.1746510132853","-0.391645638358831","-0.176346707247665"
"211","-2.99562143493512","-4.1130455213575","-0.783001034319008","-1.06701117421324","-0.273801407788223","-0.446194907585069","1.03624725756458","-0.0751322182417493","0.0782588441837876"
"212","-3.57560104901926","-4.34354144744315","-0.438299621965532","-1.17170538647952","0.188286699260248","0.728239066720111","1.11105621998284","-0.161192681630169","-0.168853909529881"
"213","-3.25206741614435","-4.14379041799632","-0.255783683202271","0.175292416349563","0.484416797064578","-0.471856474336122","1.02419105461127","-0.162742347622299","0.0528675748975553"
"214","-2.80869336811678","-5.24879223667181","-0.827072759602171","-0.49100921715703","0.102143763850549","-0.290438911189014","1.01351104481785","-0.162450789759712","-0.00175149758024398"
"215","-2.48128743273503","-5.17224890112998","-1.02307208728852","-1.17895378373676","0.341480908565888","-0.930109501363563","1.00276203813702","-0.209181305535456","0.138578747127791"
"216","-3.19223161001606","-3.99771335866114","-0.933604944675152","-0.540892864541722","0.251916464410381","-0.135356856724022","1.05392039422698","-0.133246844341168","0.026888037985269"
"217","-3.02549158648032","-5.31762804295705","-1.12544062297545","-1.74282401692443","0.00880008017686948","-0.153257402599671","1.11631630696267","-0.205840398333546","-0.0187696342738833"
"218","-2.89252851217675","-4.61016178112886","-0.827080199594821","-0.991797277472836","0.248482018569371","-0.11730830206574","1.02916725922976","-0.165837499426762","-0.0018526405090328"
"219","-2.85091752920375","-4.01217279833034","-0.944305157828045","-0.63865097961082","0.854267281504149","-0.212893620411303","0.982746162064908","-0.253845677616525","0.0471217259112779"
"220","-3.30048806957982","-3.55019799677973","-0.54728565367987","-1.39787868557884","-0.844510467962465","-0.28521209306601","1.07710910065658","0.0175098632216508","0.0470752223670999"
"221","-3.31560952445082","-4.11325221432286","-1.00718701214586","-0.926275987332719","-0.0723686276120386","-0.621931698887545","1.09410660249982","-0.138357846412085","0.0909201211651091"
"222","-3.79572700039575","-4.65895057726806","-0.591407746607165","-0.786906280766509","1.76272371125676","1.1567401141749","1.10866306074809","-0.479432164918507","-0.170070278548305"
"223","-2.40901528873533","-3.51967495313524","-0.977683494709319","-2.17432175749855","-0.234665847275483","-0.753923893301047","1.00951132429038","-0.106855601881549","0.0989583125354321"
"224","-3.34109037737703","-4.53306765219846","-0.53775656988244","-0.914379365733185","0.0629762952585776","0.0947530807970001","1.06371023019269","-0.138448396359636","-0.0252730633527574"
"225","-3.20031754201988","-3.91246729260044","-0.460405494412617","-1.07781190126147","0.398215268524615","0.0629080605614171","1.04219421020931","-0.194202981913869","0.0296967981753855"
"226","-3.16345646987391","-4.69294198341222","-0.880461652834806","-1.04151332899352","0.455329170365067","0.684574704174139","1.10593380798539","-0.250812976393791","-0.179099505896994"
"227","-3.45565281267592","-4.39231828082337","-0.31923103805025","-1.01759938022653","-0.253821508486002","0.00942329930092297","1.08436659918574","-0.104692127785098","-0.028163127277533"
"228","-3.63354780714335","-3.46211589880289","-0.700902670002014","-1.46051562180326","0.066321994214095","0.583719868403957","1.18855886593405","-0.223621491624746","-0.152809371773457"
"229","-3.13583868690422","-4.36139717977425","-0.909247102628423","-1.24353683523851","-0.799393326235393","-0.295264487963045","1.0658672293231","-0.00103674974589008","0.0373289001157529"
"230","-3.07758964694119","-4.42579627253602","-0.52482113506795","-1.0556015016226","-0.341653716657126","-0.364389505534311","1.08693361240417","-0.0750138175190038","-0.0573492616779799"
"231","-3.91300933958476","-3.57443294110311","-0.592590618870422","-1.38487542717388","-0.0225852238288846","0.931304587461325","1.13489461418431","-0.0886429354160762","-0.120973940619599"
"232","-3.06513235928396","-4.66739186234668","-0.694408914475643","-1.33087344298672","-0.838707184205797","-0.634659673929334","1.06516014575098","-0.0246364170517291","0.0893016917373195"
"233","-3.47348933101731","-4.13500654280842","-0.290062499437121","-0.348879156852149","0.840111018114802","-0.581490867880484","1.01242179457012","-0.272981932398273","0.11068271214521"
"234","-3.47233915450861","-4.24706955712745","-0.691193579520781","-0.44611199577104","0.0351177083762853","-0.213119818510863","1.08503730035888","-0.0858017392693582","0.0269092416530029"
"235","-2.88378840193836","-3.83907121959179","-0.945890071334964","-1.5704346692333","0.349459554872704","-0.0721844210586402","1.05475133209131","-0.235848804860177","-0.0114506017921404"
"236","-3.61528843140441","-3.42654085759179","-0.536835748147975","-1.08172582372683","0.663365628338551","0.456967729381901","1.10895676111045","-0.201277229708789","-0.100628446709367"
"237","-3.10916827606601","-4.99626656712472","-0.400321403380754","-0.674297031908362","0.407007859131561","0.1465397727271","1.04541990599253","-0.222427054579573","-0.0886386227557326"
"238","-3.21832104024054","-4.29247804964018","-0.790251736953786","-0.877768363080931","-0.122898376392496","-0.00801476782596956","1.06997519134695","-0.133460529762526","-0.0597947350071524"
"239","-2.69106751521911","-4.22627812424626","-0.935829171185306","-0.0266146754093404","0.0523062650566416","-0.547783416497074","1.01910560813189","-0.120073872213666","0.0729822576545299"
"240","-3.12791938396994","-4.70643899591287","-0.959397884597051","-0.650137261052403","-0.228043065409595","-0.996429058188533","1.03859115742402","-0.0459094439122466","0.189715221340995"
"241","-3.46701641931578","-3.87737044232098","-0.400039900771304","-0.174968345767665","0.374483835403107","0.0923208231918586","1.06172759437216","-0.129740073772899","-0.0270954091782363"
"242","-2.88909194684807","-4.53582470333179","-0.42779914402874","-1.49089875588968","-0.0908390038566042","-0.0765093985764353","0.990679844293643","-0.124744768909504","-0.00619715129034825"
"243","-2.9781954959062","-4.53272460947525","-1.13112341518634","-1.29917590761024","0.0656264239610461","0.266069362406218","1.05322051639865","-0.171329686285119","-0.0169149758033828"
"244","-3.29269339275553","-4.08711273818809","-0.525641644231141","-0.963409741321061","0.366622685239665","0.542069582369195","1.03157770699442","-0.198904234079319","-0.0482095213282394"
"245","-2.71331424375881","-4.69344351048107","-0.727491680797824","-0.454775952532929","0.138098939785254","0.0375816108618951","0.966474313092665","-0.122819378306431","-0.0468492970059819"
"246","-2.99958668797341","-4.91521321554335","-0.697956290135504","-1.42534529360485","0.22562351763683","-0.553148165530504","1.00976471392128","-0.184762736581951","0.108770669172052"
"247","-2.81276853401306","-4.16392399318609","-0.732698752691159","-1.12025291917445","-0.421422564269749","-0.193167273424245","1.03450852820723","-0.0291864864002691","-0.0222454462185022"
"248","-2.99386100783465","-4.0987420455297","-0.870594223006827","-0.346137280363778","-0.525113521950092","-0.268211031374134","1.03522699327838","-0.014698800752645","0.015756541832042"
"249","-3.50786547862963","-3.42803111998263","-0.733144277815112","-0.432181642028347","0.185924592726993","-0.166814901612315","1.10074413125239","-0.122401988680026","0.0577705963554968"
"250","-2.61190804845701","-4.57889032570732","-0.871910060649111","-1.45983868088569","0.782405821778821","0.0643034186345096","1.0079277018756","-0.292755925624279","-0.0637049259737804"
"251","-3.67039066562387","-4.22278014113324","-0.495818524958605","-0.397950508928702","0.656814648768269","0.324532702898398","1.09574641176195","-0.23857197307661","-0.0325450662364671"
"252","-2.5962329159134","-4.98510271193297","-0.927408216837405","-1.1914183575615","-0.733609579044977","-0.0836832940408899","1.04041657931858","4.58625601280076e-05","0.000110376612862694"
"253","-3.42047381389441","-4.93850560793702","-0.268631155722588","-0.146257915237631","-0.632757600969509","-0.52048648495473","1.05290026832132","-0.0512364414690175","0.0964864104104569"
"254","-2.78660953955016","-5.23713414841711","-1.04172640862504","-1.40531325993743","-0.39524205426308","0.476450073802952","0.980428580527314","-0.0201282080143337","-0.0819188129063802"
"255","-3.15126925986229","-4.64085935909924","-0.425094660962307","-0.784738017136269","0.0113287603131127","-0.0988225733241587","1.0224155006545","-0.163677391152477","-0.0328935126284624"
"256","-3.2013375750683","-4.53517875343087","-0.742517261607734","-0.670681682050383","-0.190922658689499","0.231097293583786","1.04623004500484","-0.113623318117143","-0.0330808492199206"
"257","-4.29999182596383","-3.34727907255946","0.335891610580178","-0.0208320518176818","1.46547295968449","0.787595581014425","1.12656922507828","-0.328238730529623","-0.177063682247129"
"258","-3.62950426741136","-3.76630069146611","-0.702485742114036","-0.821264357583971","0.698682685923624","0.57777328728049","1.12279554059078","-0.254822066774251","-0.0963838371494804"
"259","-3.09795372459003","-4.4065202762435","-0.862832239874139","-0.886942958186363","-0.26594202626484","0.227859422382522","1.07147790657008","-0.0944819280868801","-0.102566699224062"
"260","-3.46290299329612","-5.5604076258904","-0.351096317385311","-1.05684891955697","0.208567960548339","-0.52757320564366","1.11559370899996","-0.181458851588774","0.0188797203765989"
"261","-2.94110826377863","-4.64595615395392","-0.666563426359193","-1.42684444090578","-0.473930589098052","-0.361051401587085","1.03053622975484","-0.0189443940144681","0.0351158830417774"
"262","-3.76363912373447","-3.88083120428777","-0.16265116816943","-1.28866487046752","-0.190692336259593","0.028813768611079","1.06390719194448","-0.0828991820138384","-0.00356684669692638"
"263","-2.80918298545372","-5.03278535268113","-0.897677963713692","-1.00127302170511","0.105896863541631","-0.477566547790138","1.06026958869724","-0.213762592848504","0.0166673979251175"
"264","-2.69462037904258","-3.57321451206852","-1.01998987351379","-0.897277706471934","-0.173577535107285","-0.270345346247738","1.04835853404262","-0.069290376661106","0.0342778340733614"
"265","-2.47261482554971","-3.94933695542023","-1.03877908864224","-1.92073176524878","-0.675718253111279","-0.0633171838595565","1.0234306082413","-0.0283733470615651","-0.0532234912012756"
"266","-2.9303042123344","-4.99641240875261","-0.800814212344858","-0.96182104775854","-0.3489801430827","-0.306143836968987","1.01080088319393","-0.0406812134199086","0.0225857696178853"
"267","-2.86087773595017","-4.79988303635587","-1.12511271030155","-0.750620395369617","0.519288394606545","-0.444485526642829","1.0696259003082","-0.238160308171548","0.0369629763328732"
"268","-2.84389020898134","-4.46291120746596","-0.676755475398124","-1.52417827329195","-0.234057464831772","-0.247839017228076","1.01648047936547","-0.0715430756290805","0.0446080530313562"
"269","-3.12253157722372","-4.37956503122854","-0.655215783350307","-0.911473954086545","-0.517024705003152","-0.269907367215323","1.05139319126639","-0.0285912471193792","0.020267413323596"
"270","-3.33007636431584","-3.90448596922156","-0.594922945092759","-0.540633900587328","2.07261556665425","0.401047422695393","1.02653130000143","-0.539299691704614","-0.0370926561132731"
"271","-2.92725178594883","-4.08812832491924","-0.598910428906122","-1.5372266982659","-0.330446226068509","-0.34359858136614","1.02425361827191","-0.0934862612950032","0.0230734932969533"
"272","-2.65868587741757","-4.19321805294906","-0.799650510306232","-0.944383956701732","0.691172926395293","-0.0395743273631747","0.986867311101547","-0.251836331617732","-0.0106020937127498"
"273","-3.01692122959684","-4.07964163524229","-0.657731703879667","-0.53665549188703","-0.230641585169425","-0.377197563890808","1.02868284478757","-0.0810818377753371","0.0280854827180293"
"274","-2.77077755260035","-3.4242210846613","-0.730429775288662","-1.11189184837308","-0.559011179362575","-0.140291993203946","1.0365973589069","-0.0464228006942037","-0.0117623866634463"
"275","-2.98283032793239","-4.12083388327739","-0.608395874529924","-1.12703909179842","-0.397025156275347","-0.514521993006911","1.03298537276919","-0.0689337774476549","0.0455693148287698"
"276","-3.10489125275933","-3.6910418698286","-0.413669368637545","-0.969689476252041","0.258749206886562","-0.368950451404688","0.981294013051739","-0.196830212904082","0.105373154845621"
"277","-3.68563516067972","-3.45740878770502","-0.383326018431238","-0.419060555997606","1.65315988766417","0.240767692705559","1.03138344748543","-0.333663972790182","0.00165141947442096"
"278","-2.75342850652196","-3.46454090654506","-0.461663616580327","-0.948901465281187","0.379737699320571","-0.131830445951221","0.934069124694098","-0.211913390691651","0.0176210837594705"
"279","-3.40565881298217","-4.12449351377922","-0.528975840755443","-1.37497789826094","0.198644069473241","-0.103675102566988","1.05438301956321","-0.129787545286075","0.0332958099078944"
"280","-2.73033199801783","-4.48250528184825","-0.757874667351691","-0.119142385756546","-0.477103855938364","-0.638565480480368","1.01729162961395","-0.00268587955978211","0.0854844174763988"
"281","-3.99007813563633","-4.77874145308175","-0.171763060116739","-0.581201239596542","1.58623004795064","0.324053063375313","1.08278825004712","-0.402460949919449","-0.0199696382481981"
"282","-3.41568324283546","-4.04089683439768","-0.866001087602363","-0.704819882499741","-0.0801743021946335","0.363638924089807","1.07772018619087","-0.111623525593031","-0.0943449226734485"
"283","-3.22587061242979","-4.20332739852255","-0.861357877016706","-1.21744258823246","-0.0638302092497697","-0.129120733716573","1.08861769615743","-0.066871113726671","0.045154503725228"
"284","-3.00541186224904","-3.72315731560135","-0.905132342383048","-1.30268763239691","-0.670122058595526","0.333726318834031","1.04910255243974","0.0112886253113012","-0.0838486081462587"
"285","-3.42863445612224","-4.57853784727903","-0.394927832611399","-1.19031275553739","-0.325654369413366","0.315497878796838","1.10831551051999","-0.0570288419416823","-0.129496996389379"
"286","-3.05395273597062","-4.06950425293782","-0.671029192311412","-0.841534308986753","0.472189824902931","-0.0416688822857351","1.04495955426935","-0.247197396455391","-0.0350539090172745"
"287","-3.02770165787128","-4.03914838800621","-0.556376820017802","-0.939964234101719","-0.390487019213435","-0.487112696327908","0.95339367470863","0.0038325151049648","0.173593812164526"
"288","-3.2257341468664","-4.16932006511472","-0.819076410650526","-1.07905043769779","-0.213014652201829","0.601724044423834","1.06141488417517","-0.108880105289214","-0.132458444887308"
"289","-4.18306855165962","-3.45084464515326","-0.299188428155274","-0.281470823246239","0.720551410096751","0.494542923562668","1.1381469216666","-0.173640478125404","-0.0296837171694878"
"290","-3.1069789318986","-4.73742360115346","-0.490831563282131","-0.553572249653302","0.730077672902823","0.148027894370074","1.09216904200577","-0.295767302139776","-0.135191143914343"
"291","-3.96324185549649","-3.85141595295603","-0.492117942529404","-0.566893107801642","0.71975056079028","0.697326311032061","1.11909346351848","-0.299779534587759","-0.148596317171069"
"292","-3.19748720904555","-4.51277741720754","-0.777622238725617","-1.33132726882836","0.829989585561881","0.214226703919326","1.06323850280433","-0.26805782045264","-0.0485837560528706"
"293","-3.3835054249364","-5.09677313966929","-0.389521191617214","-0.478575553397117","0.241485363256258","0.167655362669517","1.02412898631944","-0.165038592280854","-0.0304593606640906"
"294","-3.02645340531671","-3.1090442287193","-0.828940847423922","-1.03499436024824","-0.0753871268559505","-0.376067354518348","1.05950904644117","-0.12044168403105","0.0289007332462279"
"295","-3.02644576578378","-4.18134280246284","-0.48497067589165","-1.02736601042294","0.328967411997449","-0.449387669479077","0.996855777137267","-0.170585400489228","0.0614843556978456"
"296","-3.32639153785629","-4.4226533155931","-0.908709546547939","-1.55722290850004","-0.520775221056789","0.335906529971728","1.1175997099007","-0.0580418002292149","-0.0640154842997872"
"297","-2.77274244041653","-4.46038278991613","-0.859500394193375","-0.901010980995378","-0.308719841614274","-0.384419120440919","0.994154414517051","-0.0315417855106935","0.0577299404061496"
"298","-2.90261232360775","-4.71560878428904","-0.728015651712436","-1.74344868903611","-0.44133137462808","0.0698610919240548","1.0584382139109","-0.0540447921812497","-0.0662896093127106"
"299","-2.44362009288294","-4.44574344444814","-1.02018023069366","-1.05187366066225","-0.631969138379203","-0.599383163531036","0.991645664494314","-0.0180539637707288","0.113066479129408"
"300","-3.27016304669665","-4.5182666215376","-0.859157962231486","-1.20024284638909","-0.473399668307426","-0.124088509673941","1.10634447132169","-0.0320597699487112","-0.00301965631376393"
"301","-2.93438890245563","-4.57823302971119","-0.52119052952712","-0.362919224950362","-0.206360923382009","-0.199728917632137","1.01397723950183","-0.0539798495631891","-0.0259159730942357"
"302","-3.04721006662124","-4.10231841115802","-0.498970853591599","-0.559327442766259","-0.102559174813937","-0.592180577951035","1.00386129457353","-0.0989424378353967","0.0453363638203655"
"303","-3.63510694430543","-3.25549998192492","-0.696204222302549","-0.63683510874645","1.00448126547667","0.292937473758491","1.14503918073343","-0.323829245170818","-0.108798501107524"
"304","-2.94736279156733","-4.8992914957727","-0.695823974412697","-0.980862503990206","0.0250876221606821","0.250654252469977","0.980634719988828","-0.123180616025057","-0.0581493798205157"
"305","-3.08333673920615","-5.08201408161316","-1.08977154078484","-1.54202461904374","-0.219839041701685","0.172377814646478","1.09315288641957","-0.136987917302329","-0.0358822567020035"
"306","-3.15061737104972","-4.11962928676203","-1.07585672832768","-1.37191749670984","0.336687649577873","0.379027837199839","1.10713876842996","-0.188804911291342","-0.0930394106802279"
"307","-3.36526912957144","-5.06090686830962","-0.865292163792992","-0.451108317210954","0.448478959233706","-0.149343475971474","1.09049328260109","-0.190761601462579","0.000535570423918642"
"308","-3.39220983637201","-4.046909977069","-0.514314877173516","-0.787152553568498","0.162891968633802","-0.33663317656675","1.06035133525887","-0.10981521624291","0.0424410523330074"
"309","-3.32693198221628","-4.86649190736918","-0.868913710759446","-1.03660480257471","-0.297125495150522","0.0767576276754289","1.10512323243194","-0.12126016432006","-0.111822768690064"
"310","-3.34199676573747","-4.27964163403657","-0.486064031092221","-0.808811665054651","-0.422140238684709","-0.4401284441543","1.08936225831691","0.0298385947373987","0.0153884731789284"
"311","-3.37479646714845","-3.99638243885742","-0.695829779458678","-0.648707774375391","-0.501093955567768","-0.16762451585756","1.10352101199658","-0.0182883195617285","0.0322736385649236"
"312","-3.17611743089516","-4.1333188243321","-0.580760246331794","-1.3159911773986","0.182044369035547","-0.357681151219885","1.06035997585547","-0.148264193389399","-0.00459628192902505"
"313","-3.74910972861867","-4.20580036257854","-0.474617350686007","-0.783801317158907","-0.56099533778499","-0.0460527255719187","1.15860804619485","0.00638724561119246","-0.0782717338847137"
"314","-4.55118584513914","-3.38071968727207","-0.140953268475857","-0.356565478097779","-0.0935499772378975","0.42572731013313","1.21045112185968","-0.0806684099421917","-0.0685588458831442"
"315","-3.36562886098895","-3.77877102631351","-0.570385807475919","-1.04312885592219","-0.213067723479111","-0.104062290774799","1.07330161201808","-0.0578356715297925","0.0224103241029064"
"316","-3.01728429040392","-4.28154640482883","-0.418300543079057","-1.64424226610166","0.0416220269806209","-0.304762429620507","1.04045982173223","-0.217693629944387","-0.0352790614911644"
"317","-3.27290624126292","-4.46393645595594","-0.459829151203216","-0.208192841519051","-0.353719422120492","0.149994238706638","1.05041209198109","-0.0771626889012263","-0.0940293239527381"
"318","-3.18766469801206","-3.69724768365503","-0.355707827704282","-1.27108479869152","0.26969063345835","-0.0192906616578904","1.01256850866603","-0.18885182512219","-0.00724722296903698"
"319","-2.90679709510254","-4.60925914811618","-0.518727655076404","-0.63516583566203","-0.500106039082756","-0.659555521639837","1.02089782948091","-0.0274522093435344","0.0233613099766893"
"320","-3.37258121596358","-3.74282344200415","-0.41803244671971","0.0999278017564274","-0.161097728241973","-0.32344104002056","1.06152875548776","-0.0961750546824535","0.020446802693679"
"321","-3.19709718388491","-5.00888233636438","-0.354867211255633","-0.948042041508981","0.56319113985385","-0.159641271361246","1.07119389486287","-0.229877858941561","-0.0524470670510362"
"322","-3.16657979234824","-4.03735752970362","-0.67853307158114","-0.898740489116692","-0.0257834182423543","0.310470188280092","1.0723242736635","-0.156878527295637","-0.0354194760988117"
"323","-3.14695621021461","-3.84506473137096","-0.740734637981418","-1.334992246549","0.419544269432331","0.0248508465927893","1.12768072788958","-0.193287273477646","-0.0617662709778724"
"324","-4.23435445999381","-3.35729100013738","-0.641766092827686","-1.08400222610003","1.28545745561612","1.16781846282909","1.23270848577232","-0.320673054507189","-0.199114775729413"
"325","-2.56502915178516","-4.20031842534159","-0.814984885846148","-1.09332419867965","0.130815492283921","-0.295753488004826","0.926638738350507","-0.172433465762451","0.0706294947331326"
"326","-2.87755616732282","-4.95852639680433","-0.471007593082286","-0.416115490901741","-0.0463776355677566","-1.05581719331053","0.946938887560282","-0.0867013254487877","0.200723360416882"
"327","-3.11681930363884","-4.56978547344435","-0.764089471830443","-0.964280770062116","-0.0840436864738446","-0.546966986155727","1.04721387233242","-0.11600514864041","0.0882844428821156"
"328","-3.3720384817199","-4.25039644618878","-0.418132714179999","-0.647594102282124","0.14074916427239","-0.0748310999074296","1.0572300718245","-0.113996656637346","-0.00832473800388621"
"329","-3.1895649711864","-4.58032087666989","-0.399147163368591","-0.959785285942294","-0.747534584004138","-0.43302450405944","1.0530139554395","0.00881961050173399","0.0133090810874611"
"330","-3.30387852095911","-4.09363344866902","-0.573121022693627","-1.14427794995775","-0.740719175039942","0.113078103996055","1.02901500018585","0.0319909314749407","0.00226131253531918"
"331","-2.78432483707245","-4.92446956589289","-0.902525067383176","-1.17879166439182","-0.205246441698846","-0.791146969041441","1.06035276830616","-0.14246110473377","0.108242804323363"
"332","-3.00817505384723","-4.16713343939106","-0.824115639524383","-1.21243739475287","-0.105140057164598","-0.105058635443094","1.03668929338379","-0.124921931234797","0.0633232135179073"
"333","-2.81824673459101","-4.26854550458577","-0.761445142945016","-1.34626578995587","0.400662483445648","-0.446755887416022","1.05714297147736","-0.221190617589846","0.0404998277672256"
"334","-3.10495761689592","-4.38531234475051","-0.86477141799472","-0.803358874661694","-0.569352730337648","-0.287912825636019","1.03587018662892","-0.0208178998796007","0.0527385982856215"
"335","-2.82609037417868","-4.26493679969528","-0.490191733605912","-1.61618280472115","-0.144231422317266","-0.508939628684929","1.01798778715526","-0.0731418383704304","0.0556337858505454"
"336","-3.51759532803161","-3.38707385660827","-0.510473321907735","-0.857773222141623","0.294820708221225","-0.111466932917941","1.09881396397681","-0.156912174979432","-0.0239407675675461"
"337","-2.92107648112386","-4.71059634281602","-0.520905789724246","-1.74866858229816","-0.48974337342751","-0.638595297342725","1.06149601779602","-0.0975549317113503","0.00186675686191505"
"338","-2.8928873697631","-4.14468158625165","-0.716456302666717","-0.786982940191792","-0.484518516666348","-0.756573810293826","1.03803051639721","-0.0273652488326748","0.0877641298396554"
"339","-3.40619171459212","-4.33665753301745","-0.564429017437078","-0.81924388571904","0.0530841759390042","-0.334971522024364","1.08292991486714","-0.139220645143414","0.0632617316967584"
"340","-3.75318215375638","-4.59045142865135","-0.357841701208876","-0.732575067596491","0.048053896239234","-0.0026602981828715","1.11080201809762","-0.12987479738993","-0.0381280992193963"
"341","-2.80172143667999","-3.97569816097923","-0.365455524503895","-0.760089647504603","0.230062160185481","-0.433904328712347","0.928664408556541","-0.122417974873262","0.0758561200485393"
"342","-2.96541390908337","-4.75962210942155","-0.660686770257197","-0.70788471018754","-0.30403426368217","0.0378475133724599","1.01220239182404","-0.100540367035454","-0.0994477625557421"
"343","-3.69639053589078","-3.34469493711817","-0.301938468858023","-0.482553743816956","0.510770459740264","0.420488279338058","1.0629242226318","-0.209566213901951","-0.0492856216600176"
"344","-3.12019199161755","-4.33118538986571","-0.688942504153942","-1.27003797772468","0.425276844989868","0.262402024587207","1.00161793437525","-0.200232883451985","-0.0387372765263478"
"345","-3.03605288056196","-4.50194094249802","-0.820769406361425","-0.429950013160745","0.00786028988852419","-0.33484533299453","1.02507186929433","-0.0658061800375425","-0.00433556607778112"
"346","-2.80083554202752","-4.17967859548589","-0.860129422584819","-1.51190942612932","-0.805169410744392","-0.786520750361136","0.990663304887537","-0.0131846073423907","0.166375781209084"
"347","-3.06401211288525","-4.54985293474086","-0.771617185092889","-0.472745077251901","0.0109009639335927","-0.507091147425821","1.02700592441779","-0.119237998916495","0.0887781349683304"
"348","-2.77933435380071","-5.01302134104472","-1.17826870985237","-1.10335953826722","-0.363220691965309","0.421876463346692","1.02133487149462","-0.0686751400128055","-0.0651284192993538"
"349","-3.22079871992783","-3.81253552655189","-0.571294166454761","-1.57369478129548","-0.54481228246085","-0.0426472411554145","1.05364435288509","-0.0160972665903811","-0.0502481062204451"
"350","-2.37324388132607","-4.17803522243472","-1.28944811415347","-1.1270419708466","0.49703881712059","-0.103027606785028","1.04771170824908","-0.22516461494374","0.00082146467678114"
"351","-3.53636888443262","-3.58562547156282","-0.322853397196617","-0.431731655184322","0.231427258888843","-0.0701788672571345","1.09607435193891","-0.142642309244337","-0.000619921950751248"
"352","-3.05909021519249","-3.81053541058948","-0.651753265039555","-1.39672113439459","-0.872253486129459","-0.391557905986409","1.03498972447225","0.0303810780812256","0.0582661410713335"
"353","-2.98272684843712","-4.40087723443697","-0.618851421838614","-0.973978963098961","-0.0729037283839415","-1.10137975764649","1.04037629757888","-0.102585404556901","0.149756125662749"
"354","-3.48287601735651","-3.46429927601303","-0.38012942008196","-0.629204715309669","-0.612812230400305","-0.111122299700778","1.09813142710411","-0.00531067107138671","-0.0145828158243477"
"355","-3.26566025278121","-4.43221289216476","-0.694766141753821","-0.106532580721979","-0.396777014664944","-0.0823172613636425","1.06134465162549","-0.0411610721983604","-0.0176375874974734"
"356","-3.37683508892855","-4.76169355568106","-0.45877837370055","-0.545213593144104","-0.353953763908728","-0.549656519513987","1.06824074692996","-0.0553059257154867","0.0791362655926917"
"357","-3.76184515548306","-3.51079297041329","-0.685686282776276","-0.849231601352798","1.1498388530567","0.320829023533731","1.1228503844112","-0.258983128118444","-0.0502914406295695"
"358","-3.0589976929087","-4.36771810440327","-0.621375005951196","-0.698999586959499","-0.453393928030289","-0.755537434678531","1.02387995086709","-0.0243300984463674","0.13641960373959"
"359","-3.04056167652119","-3.68140312832295","-0.487317563514841","-1.06954497571086","-0.312456419394772","-0.369655851228607","1.04269576901645","-0.0478358327324127","0.000110338263440541"
"360","-2.91052749253543","-5.14049369708537","-0.429936612306552","-1.10549573965041","0.426503525465942","0.122303320132369","0.987711218563906","-0.229802746407744","-0.0376453268805872"
"361","-3.07380626286768","-4.8842125926482","-0.736793946848505","-0.912049354330705","0.10441945986368","0.029261482510585","1.09392035162343","-0.185326015025938","-0.105449880710525"
"362","-3.04249439503972","-3.5770022658926","-0.902777722774464","-0.868651093459276","0.00462694104192926","-0.15820859781541","1.03022353504736","-0.0787485656965929","0.00995179149538535"
"363","-3.00687868659056","-4.75753413501094","-0.888815751975446","-0.806943250651359","-0.771501284802315","-0.39217265001167","1.05833681503079","-0.0100482259034998","0.0338435828094067"
"364","-3.52132792901423","-4.08000610083231","-0.376315145598297","-1.41600414926659","-0.47030451612927","-0.310001522348275","1.08765785979942","-0.0183626036516033","-0.0103362813396273"
"365","-2.84768504050573","-5.04680317260459","-1.10589215622213","-0.979256462336671","0.368291990854163","-0.146933040064457","1.07208637406793","-0.24406760419878","-0.059161973186392"
"366","-3.10120638658879","-4.42625553258136","-0.693381589068917","-0.76543525153058","-0.0351744997965734","0.00125781355270794","1.04833566884842","-0.0842927773365396","-0.0514558854203341"
"367","-3.40906740465353","-4.26616496586348","-0.547432238143115","-1.605067173861","0.694203963226033","0.358609177325189","1.14395477061961","-0.316788823128352","-0.137573309721843"
"368","-4.34565643514815","-3.52974400057145","-0.445755350267006","-0.48378358692777","0.200160667425838","0.652932085733161","1.18835595571808","-0.11020954737861","-0.0852684935996059"
"369","-2.84921814973998","-5.38632297290317","-0.913761191188664","-1.23973369688583","0.505043493442603","0.0206632180882467","1.02679708095343","-0.235609809354043","0.0146591607500944"
"370","-2.84820926686351","-4.15691169737818","-0.496620935044628","-1.05890276710952","0.0179876806441197","-0.438605724146652","0.982750695808663","-0.147710632416577","0.0551456564246688"
"371","-3.23732895165554","-4.88057955609309","-0.533839949218219","-0.878986567778481","-0.54999223897028","0.0889282568360857","1.0490606104699","-0.0146912282340842","-0.0309428763714785"
"372","-3.1764796803871","-4.45449033281959","-0.384859412439816","-1.55551990747435","-0.219970232356875","0.13663604209196","1.04698264067317","-0.125734208267581","-0.0591438731816158"
"373","-3.50605650046757","-3.70932339006917","-0.492301727069427","-0.0410879828870845","-0.224522026449492","-0.195149502377009","1.12333025230343","-0.091381656239595","-0.0365188529624207"
"374","-2.472217033583","-4.51196313832184","-1.35679264060332","-0.933735973133965","-0.154403206467655","0.00505168883309758","1.02253471052258","-0.145376720153278","-0.0440214764853413"
"375","-3.36344633361331","-4.58388535340526","-0.595876110652176","-1.25018161763695","0.0387842001666093","-0.365583137239705","1.11589142687255","-0.161070716068239","0.000960712366125222"
"376","-3.0883377216922","-4.09323154653226","-0.611741191564616","-1.22267418596139","-0.766724539559247","-0.431226310597489","1.06240617317819","0.0105576983898634","0.0416776519440011"
"377","-2.90854101894104","-3.54849251693472","-0.799245776531716","-0.861503729229839","0.300484910441481","0.0114255438420981","1.01381178964549","-0.158245636762688","0.0489131479966604"
"378","-2.72244099773754","-3.92756113046833","-0.386179270021233","-0.767974571064949","-0.455814517681249","-0.316764575327072","0.963041507402382","-0.0251500921292302","0.0390872420153465"
"379","-2.65976359209138","-3.74035318236687","-0.763876655955523","-1.87915982609918","-0.506845891559058","-0.335957532221782","1.02960524540236","-0.0422931166736115","0.00504321719223754"
"380","-4.22156190514088","-3.875968567744","-0.221278856752806","-0.681988463550137","0.43131659091015","0.46456078867328","1.15325031867552","-0.190473805381414","-0.110857163421536"
"381","-2.56010732144954","-4.6185800156214","-1.17878081584151","-0.90374362411041","-0.369647620603898","-0.242074131122887","0.994552226083621","-0.0494045476595774","0.0430114145113145"
"382","-3.64812867144068","-4.54894930126055","-0.848726759560748","-0.541411064589518","0.61031448521833","0.266265965859641","1.12228652342644","-0.192202957873768","0.00272885692666932"
"383","-2.8288577835287","-4.88081764470363","-0.77919322591773","-1.29144198178551","-0.684826546984768","0.0212470322860057","0.990601472426623","-0.00692563067619868","-0.0354638745148628"
"384","-3.71320599534695","-5.03411967973532","-0.470854283189638","-0.421619235665043","0.489931940238341","0.132671287890435","1.05632769886314","-0.183549142560897","-0.00628749233562598"
"385","-3.26573038623593","-3.85114575234404","-0.821850608888209","-1.13945215202052","0.24630315103704","0.130585203743872","1.12346843765554","-0.166888466943594","-0.0310922951053695"
"386","-3.59207664535358","-3.56889551434634","-0.45281078902767","-1.00470784481797","0.239791069836843","0.326648276160807","1.0739609526649","-0.139592841223578","-0.0464436586347085"
"387","-2.88907285937603","-5.04913776062498","-0.938721134598273","-1.21441235824423","0.542384561489653","-0.0573629235684143","1.04460963097961","-0.273014603777901","-0.0202259246423088"
"388","-3.07235628288346","-4.09979861141934","-0.655467727763372","-1.89163545039645","-0.648490260873205","0.0518001501129979","1.03652727482996","-0.00392006086282593","-0.0386110195910226"
"389","-2.86035202937284","-3.29403601470821","-0.71750710932372","-1.55704355688113","-0.559155459990689","-0.0956268740321669","1.03864171385182","-0.0553893427395512","-0.0285849085735766"
"390","-3.79105543524037","-4.00797190471895","-0.556033790429865","-0.51602830862036","0.32438286287119","0.195697867326315","1.12812624590781","-0.161303291972628","-0.00737296119657427"
"391","-4.2925881490071","-3.63937349408434","-0.54959798268395","-0.310921384628978","0.0736298132097982","0.734897780837267","1.1618644801077","-0.0720132264598477","-0.116203089360924"
"392","-2.94523535623805","-4.33168908029721","-0.87107697704263","-0.795864178260676","-0.59904694281001","-0.0503517340124559","1.03595641628977","-0.0325580578655739","-0.0193808438167668"
"393","-3.11242523754964","-4.22194487901294","-0.308273593681741","-1.08121498194758","-0.169054577927173","-0.466499137967418","1.03691214590581","-0.0898067610086924","0.0223492603867174"
"394","-3.70860465346815","-4.09841818666327","-0.655591186323592","-0.944090176182446","0.922188127486213","0.815789013704484","1.1340358529798","-0.315542263293762","-0.120500357251605"
"395","-3.14473064165126","-4.64868172437939","-1.11826249048773","-1.16627605858596","-0.782288976594461","0.281409518491103","1.04834732205013","0.0694972361548207","0.00143903965122723"
"396","-3.37142646797179","-4.06780718940084","-0.558535265127376","-1.12529060038497","0.198053407976879","0.347904323638226","1.08286150707376","-0.180851639372342","-0.106448942832701"
"397","-2.86420941845295","-4.36147345987946","-0.775977636897072","-0.630350412109394","-0.335303653135998","-0.394392644683447","0.978576328306263","-0.0613095493463094","0.0191101444526073"
"398","-2.96055316234988","-3.96086491054969","-0.654393862641201","-0.889572735555248","-0.0349151384007324","-0.55725524093228","0.977757839292244","-0.0841555489649418","0.125740055256183"
"399","-2.87809866343359","-3.90397413936603","-0.748346170437632","-1.14346119134348","0.219219396993832","-0.455336461807858","1.06829986016382","-0.198879731144426","0.00571473902008837"
"400","-2.87802718760173","-4.71770467039222","-0.664057703822553","-1.30482643099358","0.33713189483592","-0.472194618159012","1.04797485001025","-0.189859644412965","0.016435906566196"
"401","-3.05565287986046","-4.24270003400091","-0.712191604579103","-1.26949596788389","-0.643060614047967","-0.21859691337819","1.06602354712252","-0.0357327233588818","0.0547710873044026"
"402","-2.79980908562352","-4.29686152168423","-0.826105662814533","-0.112517180175818","0.0923110489785635","-0.863741624546623","0.990425208578565","-0.13789384161275","0.168976960412424"
"403","-4.30781538880836","-3.97540914664059","-0.252152451202508","-0.362077091779262","0.636346481613507","0.573940261703738","1.17805176355705","-0.214755843751756","-0.11103281684575"
"404","-3.44811038374447","-4.89639067081415","-0.670028581360946","-0.636052305638738","0.228309553183781","-0.470030191925427","1.09799894569532","-0.187645710215937","0.0608897097907238"
"405","-2.86006666539145","-4.50096740942604","-0.808698625317104","-1.12944380340344","-0.258048812243239","-0.147257974777771","1.04167700812066","-0.111461346387669","-0.0303186710072936"
"406","-2.96843008969027","-3.85686401783107","-0.848138859791024","-1.79028616309484","0.441630469738601","-0.579229224193815","1.10470335716813","-0.26748024787835","0.0230672472914939"
"407","-2.84019938325017","-4.45038256340275","-1.08030523337191","-1.49041277280076","-0.310253216184586","-0.203482443044512","1.0182935118746","-0.0728182457527654","0.0510774471191534"
"408","-3.02738407714504","-4.17691333458645","-0.559783738538227","-1.39819218572576","-1.2047833566189","-1.18231119611828","1.02137571181801","0.0872908431680096","0.209340686906182"
"409","-2.68018165288256","-4.51250176218695","-0.857236914459082","-1.10127067096114","0.204699863270915","-0.400756960478023","0.979899374438733","-0.146100109278425","0.0758668684112463"
"410","-3.22820343322082","-4.15412806557188","-0.307903731160599","-0.771781621870511","-0.40800845813523","-0.286575121675989","1.02828359942952","-0.0474735890364075","0.0324689686106354"
"411","-3.54145141989055","-4.07127928859732","-0.758029009185189","-1.34810769944943","0.0622054470212172","0.949712137124558","1.07655883532396","-0.148322480777446","-0.131255908111558"
"412","-2.93341120377042","-4.60373901076747","-0.606487554349585","-0.995179485933668","-0.331980289020138","-0.506085627572018","1.03240059061546","-0.0811671646104692","0.0698186281705746"
"413","-3.36473895446707","-4.03918626955615","-0.484028997177202","-0.949838360259309","-0.307608005902985","-0.0851006851303242","1.09813085447737","-0.0508566655330798","-0.0760413281906518"
"414","-3.53377547282097","-4.16387628005003","-0.762257523628715","-1.17799351904616","0.0712772850422534","0.409970706851355","1.09500680130493","-0.0742838473118757","-0.0750280520218745"
"415","-2.49780847280295","-4.12663375220013","-1.02928619804375","-1.26616417748129","0.136667218491991","0.0399454814772754","0.987204414139939","-0.159088726716666","-0.032167132641811"
"416","-3.57116204777532","-3.72020484118687","-0.604073079078906","-0.406434312526212","0.43271780123124","0.345595827304744","1.06887902061015","-0.126975506431736","-0.0021463560385308"
"417","-3.07898938072035","-3.96502439709644","-0.659821188405378","-1.1120322957402","-0.196487404295882","-0.307086459970542","1.04854540264472","-0.0848106664045436","0.0488179131385955"
"418","-3.38427311809768","-4.26459131556678","-0.0677826986392854","-0.269115262137841","-0.195364881221823","-0.667663754902379","1.10174973290029","-0.114175994673338","-0.00839661831212048"
"419","-3.05552537596702","-3.48212159674616","-0.721075352435485","-0.625108822027466","0.653017299209062","-0.172743653132409","1.01412501764602","-0.188357140016207","0.0128634628332877"
"420","-2.82087728408892","-4.50482528463351","-0.822355955002504","-1.02742680985896","0.183074292461777","-0.29356961340695","1.02211584822641","-0.142714130174739","0.0026810319739326"
"421","-3.14733841132717","-3.52150079656213","-0.655291914123617","-0.277925031217683","-0.300140709596915","0.361831978317025","1.03050938619054","-0.0424852361472283","-0.0541379512803271"
"422","-2.93479212256773","-4.31996146323964","-0.613068056670323","-0.300794869377907","-0.506240388120135","-0.200260067275485","1.0132082491813","-0.0230642639045777","-0.0125317468527995"
"423","-3.19655609870726","-4.57392321626318","-0.471165658643392","-1.36790439650549","-0.116317862570558","-0.135036584022383","1.05974174827729","-0.109008399485633","-0.0304027305991382"
"424","-3.46982816900243","-3.84446042361299","-0.37886081280225","-1.53563782913324","-1.28441042685187","-0.694239196078525","1.07547370124959","0.0881474130857629","0.0826687499259026"
"425","-3.21807323966177","-4.16161386800303","-0.59682968088149","-0.974684038431952","0.644649624793646","0.238659298381761","1.08337046013798","-0.273544085985087","-0.0840744795731522"
"426","-3.24399016877712","-3.86869526508705","-0.957510260258216","-1.19525243025744","-0.141759820546078","0.107566753371042","1.05926166543494","-0.0728421795478099","-0.0261406174065893"
"427","-3.37331343787333","-3.77109177643434","-0.609940754373616","-0.426135993527461","0.312938855302021","0.153274849337565","1.0283129501468","-0.112136740680326","0.0234611394956284"
"428","-3.30623253622928","-4.01561783209433","-0.928569679302902","-1.02105799012362","0.0508517374364306","-0.580514991241824","1.1241113173993","-0.152185284923905","0.0594495076121582"
"429","-3.64132685834299","-3.43821879464736","-0.597620015611044","-0.687268275453212","0.69710912821969","0.4305635460918","1.10260687616032","-0.189548211272468","-0.091744017632075"
"430","-2.96230966176299","-3.71499979084525","-0.748183712678273","-1.18722411643416","0.160510800116188","-0.0677539523935466","1.02155843931745","-0.13934744165433","-0.0380434112790527"
"431","-3.03517839044972","-5.58047428973573","-0.605744142007799","-0.570247409307768","0.1129506982852","-0.649723325937868","1.0630511572301","-0.192894049609487","0.0279481332191923"
"432","-2.80452815449027","-3.63735194826807","-0.668516883384881","-1.22299091857643","-0.515874559222922","-0.0751853364383716","0.993840656130696","-0.0457334647585762","-0.00169599315040399"
"433","-3.32770766618567","-4.22795946447237","-0.505816744000377","-1.09350765410778","0.335031851269627","0.117518847177901","1.06069462157765","-0.219584144172277","-0.0291150794108072"
"434","-3.08896254766692","-4.76908178297268","-0.942869723457251","-1.52026686491676","-0.143616604372295","-0.0231292454506958","1.08652293854561","-0.117520959934696","-0.0390143202099505"
"435","-3.38547654682636","-4.08462856789044","-0.496861792356674","-0.638657366954739","0.498499470110289","0.340091332239489","1.06120274871586","-0.229698560561264","-0.0693426660429272"
"436","-2.75705094643538","-4.70901533737026","-0.522014771842384","-0.775564049747009","0.242170121227999","-0.5447991002799","1.01539765614641","-0.187594263324263","0.0448889579379843"
"437","-2.85998490237092","-4.42070807729481","-0.805527451803687","-0.535235700079566","-0.658159578744493","-0.292823219211406","1.02861734463625","0.0172316537660666","-0.01520402775474"
"438","-2.93192567014331","-4.70407631650548","-1.11601674896979","-1.34389170194941","0.00369012779462017","0.0597354694923677","1.05966771520865","-0.123255664946889","0.0139541556039039"
"439","-3.836315413941","-4.28297840526214","-0.0541505856102658","0.264050703272359","0.849262734562336","-0.201732021032206","0.996399413009224","-0.226570362768738","0.0542948521679361"
"440","-3.48125937009614","-3.6574838315673","-0.546231822876648","-1.11179600411965","-0.430188757254151","0.0914277430652807","1.09218110375168","-0.0607359476042972","-0.0298817622553155"
"441","-2.96909711760247","-4.9061614722496","-0.283996447527083","-0.654780789880229","0.241227187230458","-0.0293180540877601","1.00988498165989","-0.12484792611772","-0.0583589298482027"
"442","-3.58769691844904","-4.31583910841608","-0.654363638139228","-0.624051002675309","0.299164968880858","0.0811770735472342","1.1266020736571","-0.163143008911437","-0.0641379688602001"
"443","-2.99721989269537","-4.72514564796397","-0.560801286246652","-1.0757886445159","0.150960570234749","0.0258011554555094","1.0492577264421","-0.192956644779698","-0.0419786702924275"
"444","-3.19975031200721","-4.42134616063276","-0.829762999817164","-1.09706656866036","0.0823914417377924","0.4639193528514","1.07032305633954","-0.148537899078855","-0.119412206374545"
"445","-2.40746282279616","-4.51490730524291","-1.14674754759084","-1.80253080793824","-0.151559856747028","0.246690806634741","1.0702499971712","-0.141105130881044","-0.108110544812617"
"446","-3.51362792906238","-4.13890622533036","-0.750837483034601","-0.777666835342514","0.936044093560303","-0.0241676397285457","1.08703313721017","-0.25423996721707","0.001586279405113"
"447","-4.22725188706287","-4.48749773556659","-0.417043459252509","-0.320788240195497","1.91529066309072","0.337886678557042","1.11588974152857","-0.371316992763091","0.0371888257697316"
"448","-3.32719742341025","-3.35278116270408","-0.741580898984662","-0.448337059441906","-0.125124676772286","-0.0406382608784671","1.07979443328896","-0.114234416331647","-0.0338230609536978"
"449","-3.40057069247365","-4.43254329542834","-0.715252105999123","-1.50005020108713","0.375808287426394","0.218908288643745","1.16092406866495","-0.22865658798201","-0.087580335916291"
"450","-2.92583201404544","-4.58094216526283","-0.598106989836372","-1.19947454208021","0.0995754205283557","0.438255842466221","1.01675770223717","-0.173267400206982","-0.113339839253638"
"451","-3.016707839851","-4.46647363044676","-0.818390223192055","-1.11970295625648","0.720581188631127","0.0198714077087342","1.05102870455356","-0.277981285239243","-0.071411580841587"
"452","-3.82021146158576","-3.63177280238834","-0.799041814814454","-1.39896940251239","1.20428542686188","1.03102992362431","1.13915613999322","-0.283855242352985","-0.138545903811556"
"453","-2.74493004649345","-4.20268228031499","-0.551547041127194","-0.683127576948202","-0.27535948265004","-0.830767356458237","0.930483411890918","-0.0754957158617905","0.154062762481515"
"454","-2.74510279031502","-4.40371117984988","-0.598304934039483","-1.31181804321365","0.282669077710403","-0.499209036551013","1.01076393211718","-0.204726424979835","0.0433732011879602"
"455","-3.68010439085397","-3.70196140624961","-0.886500668983607","-1.1707352324119","1.55766273795707","0.767509365410782","1.1521191131528","-0.423182288091522","-0.159685021694778"
"456","-3.22655355958782","-5.53279042467804","-0.621286228344831","-0.390418734745893","0.0428706778811711","-0.0838408181154163","1.06700422876286","-0.171701813206882","-0.0551171271055209"
"457","-3.04245093400345","-4.9211366293863","-0.575467160865189","-0.854132917489735","-0.51651770791556","-0.275763382139942","1.06350232348624","-0.0371369213276282","-0.0477307392183296"
"458","-3.37939632363347","-4.15727461322079","-0.776984728497242","-1.17235529502606","-0.204160900724112","0.202171328323018","1.07573017311068","-0.139050284934701","-0.0275283651775749"
"459","-3.06275665529318","-4.88360998395765","-0.828154958766835","-0.353012342049792","-0.154569499828091","-0.272064300201323","1.0300803262723","-0.109110038465839","-0.0211064140182198"
"460","-3.77670743167663","-3.62652362408859","0.198493901882693","-0.476454999382288","1.77240553627492","0.29724827722654","0.926672586192318","-0.355329422769677","0.0126819068323973"
"461","-4.18064349810747","-3.50269404062276","-0.533210327832633","-0.697470293568148","0.816816147429621","0.587015341389213","1.16987913929125","-0.230211506852909","-0.0532489379488975"
"462","-2.98921390165299","-5.72188370625579","-0.944831066659743","-1.21068533136156","-0.0359294953799154","-0.0649183917539215","1.08134094425888","-0.157844339072039","-0.0471167163667442"
"463","-2.94311890621236","-4.16256052066659","-0.924658359967156","-1.51049786102698","-0.0494192865840027","0.0816282381014839","1.02338157129923","-0.148173521595078","-0.00764932699255506"
"464","-2.87490835858103","-4.68172585807768","-0.487168474606187","-1.54362861433758","-0.337702120029488","-0.221846278849605","0.992179847528442","-0.0703305475220114","0.0138504999133185"
"465","-3.11151892915039","-4.48407099810413","-0.505578496728653","-1.05672797011733","0.461866122528372","0.101667146385455","1.04462462353095","-0.228198498367451","-0.0477479726623495"
"466","-2.81253516479074","-5.55652104814729","-0.861196448452667","-0.9708904541086","-0.176784038792411","-0.455567705167599","1.01922516617495","-0.0845830579917382","0.0704508298132079"
"467","-3.17761527533547","-3.77332862893333","-0.324247489042453","-0.788061365793193","-0.786577410439392","-0.400708004341641","1.0279134300362","0.0262867362141986","0.0382876127414693"
"468","-3.08271414376302","-4.51785032090726","-0.669981524610883","-0.240511416797846","-0.206451135066662","-0.782434970979967","1.07625499043315","-0.0837110866695536","0.0590233168416371"
"469","-2.66151999450113","-3.99541094606422","-0.886595534096186","-1.04853093932412","-0.509531360569069","-0.534100304315543","0.985551632004212","0.0149087036491981","0.112723405521382"
"470","-3.00303020661813","-4.32158233989059","-0.696561602752516","-1.11077861562663","-0.247942037975935","-0.203885130522421","1.01574183417264","-0.0683258944642484","0.0133948375584675"
"471","-3.25077814893236","-3.96655193881955","-0.627012173882888","-1.22281066912994","-0.611670324586814","-0.288712120320119","1.05322688164707","0.00297125867001526","0.0335484021308186"
"472","-3.77679307596203","-4.26010511642253","-0.757841686510239","-0.970368701725395","0.84375076891691","-0.160405360218113","1.17052553666454","-0.25515302126713","0.0048143875978439"
"473","-3.31666083432919","-4.0048872848811","-0.660056344989648","-1.31636970864275","-0.312289141714333","-0.0432205346461711","1.09913530925984","-0.0704147367894051","-0.00679099916344825"
"474","-3.06279445931664","-5.13154257670577","-0.190828021146673","-1.012319263058","-0.749864586941012","-0.221657315312004","0.999901980782238","0.0294040424044037","-0.0318735069903863"
"475","-2.73061190052805","-4.30711196217945","-0.767944610344584","-1.3449249835246","-0.0708442720188603","-0.226848608645551","0.963359293539052","-0.0882694179053483","0.0287939032137426"
"476","-3.23427682121532","-4.23100140688284","-0.733996460753779","-0.733120821700198","-0.397949791698008","-0.0546079874203571","1.03196926324731","-0.0513506561318623","-0.000713810483783206"
"477","-4.20278549431485","-3.73717281652456","-0.404254017144868","-0.947199303780299","1.8239533295772","0.610363978117859","1.21537451625728","-0.41836276985413","-0.118474772566181"
"478","-3.17233730275518","-4.73805691548214","-0.304938459045961","-0.970569063420143","-0.31529425383173","-0.152408728761473","1.04067446677664","-0.0393453803568891","-0.00594364625993467"
"479","-2.96216735648883","-4.5557942397983","-0.693022909252543","-0.443154282305819","-0.152980529268368","-1.06006459799132","1.02457828223135","-0.116786308251071","0.121178698164977"
"480","-3.83699741684161","-4.18308935449392","-0.406720724123872","-0.44712710627313","1.43728442802959","0.380484232944203","1.06627624267508","-0.371006300793382","-0.0725392876482811"
"481","-2.59472905043263","-5.40990288240059","-0.562349743250362","-0.0655767260476027","0.105831601099743","-0.586120059500998","0.874253873295139","-0.101435745624231","0.10883800318994"
"482","-2.93791621427635","-4.12549213496713","-0.401958716235453","-1.30613063302487","-0.137466904785336","-0.755269111390252","0.968594561046627","-0.0870023200663071","0.154841004026705"
"483","-3.18863652663103","-5.41268385332174","-0.591689189413015","-1.15382624078411","-0.421609553587287","-0.405849392882945","1.09441263854873","-0.0385666589135216","-0.0489683767972917"
"484","-2.51154601513815","-3.9257810335534","-1.10115751561727","-1.62854564516754","-0.618693621159462","-0.590272649056487","1.02777164709952","-0.0250407152004686","0.074240123764628"
"485","-3.71042650490766","-3.98181896485927","-0.345051317159022","-0.403831867220704","0.084184070644602","0.197616964120001","1.12443803116799","-0.162888534603398","-0.0618094545951517"
"486","-3.31714942654613","-3.47149127176821","-0.417497217885741","-1.22990854582927","0.0697751623452838","0.466054441552994","1.05283243652532","-0.149653056524953","-0.0962044029208907"
"487","-3.23209967191637","-4.48601933141494","-0.73096690673536","-0.477762719246257","-0.0537541397512413","-0.219893406502439","1.02867897320517","-0.135553228508399","0.0559246423255339"
"488","-3.34420832445671","-4.07471842723901","-0.343196875053245","-1.02370118239138","0.12862647492864","-0.0105691732149034","1.06357068597957","-0.153638242073923","-0.0122184878351189"
"489","-3.1994681868849","-4.44961134708045","-0.741890416349128","-0.356682303933608","-0.272951750596","-0.131051344005567","1.09486193785107","-0.0936698914802382","-0.0970557361700293"
"490","-2.79793602287539","-5.06647608751055","-0.814929478298429","-1.26306275973589","-0.0773541078122947","-0.362579308026395","1.08411909684669","-0.178233568533691","-0.0377319962413788"
"491","-3.54116160156799","-3.8923817712234","-0.927644907614757","-0.88130245665912","-0.228601264870606","-0.227380334419637","1.13460617660653","-0.113329064151359","0.0461451362222165"
"492","-3.27650522702309","-4.70810930915637","-0.499282161557724","-0.370991654284183","0.791194138061797","0.158565653721404","1.02544265500085","-0.271314361803734","-0.0197186918702348"
"493","-4.16358971682125","-5.58298371146163","-0.0768993539800134","-0.952977762350704","2.09755095341256","0.778639658505579","1.16419164442488","-0.524005947080826","-0.176026603131366"
"494","-3.1699778045348","-4.4697747527706","-1.18533837593969","-0.742900746350742","-0.162902790108376","-0.173315066205381","1.11365798628409","-0.132078006662935","-0.0190811195422235"
"495","-2.8418753517326","-4.20365679554545","-1.09355434340823","-1.33188829307169","-0.284879924402442","-0.157921791919259","1.09285230745845","-0.0947047270628002","-0.0469404223353848"
"496","-2.67802330822988","-4.84161763797035","-0.610679814759217","-0.35339750343338","-0.209473411878025","-1.09538986005964","0.906573530467201","-0.0663106410624783","0.211713691614052"
"497","-3.59174028840068","-3.67263050433178","-0.510025850946285","-0.753714791423966","-0.13032281742647","0.210362116348058","1.09579892093382","-0.0869349029475028","-0.0657839798539306"
"498","-3.81199875261461","-4.05340830534803","-0.557501468090432","-0.893364305915524","-0.267886946964528","-0.0602240773790469","1.15191867320349","-0.0610198987675429","0.00333368132511731"
"499","-4.08133485614288","-5.24522197942362","0.346782077825144","-0.13943046889624","-1.20729209620003","-0.0579069793382805","0.991734826079019","0.070347060345468","0.0612930092908299"
"500","-3.1500945217851","-4.75381993663931","-0.453462304506338","-0.388117727485854","-0.209840180113395","-0.643135057270669","1.07401765773518","-0.114125624008655","0.0592459636314754"
